# Resource object code (Python 3)
# Created by: object code
# Created by: The Resource Compiler for Qt version 6.11.1
# WARNING! All changes made in this file will be lost!

from PySide6 import QtCore

qt_resource_data = b"\
\x00\x00\xa0.\
\xff\
\xd8\xff\xe0\x00\x10JFIF\x00\x01\x01\x00\x00\x01\x00\
\x01\x00\x00\xff\xdb\x00C\x00\x03\x02\x02\x03\x02\x02\x03\x03\
\x03\x03\x04\x03\x03\x04\x05\x08\x05\x05\x04\x04\x05\x0a\x07\x07\
\x06\x08\x0c\x0a\x0c\x0c\x0b\x0a\x0b\x0b\x0d\x0e\x12\x10\x0d\x0e\
\x11\x0e\x0b\x0b\x10\x16\x10\x11\x13\x14\x15\x15\x15\x0c\x0f\x17\
\x18\x16\x14\x18\x12\x14\x15\x14\xff\xdb\x00C\x01\x03\x04\x04\
\x05\x04\x05\x09\x05\x05\x09\x14\x0d\x0b\x0d\x14\x14\x14\x14\x14\
\x14\x14\x14\x14\x14\x14\x14\x14\x14\x14\x14\x14\x14\x14\x14\x14\
\x14\x14\x14\x14\x14\x14\x14\x14\x14\x14\x14\x14\x14\x14\x14\x14\
\x14\x14\x14\x14\x14\x14\x14\x14\x14\x14\x14\x14\x14\xff\xc0\x00\
\x11\x08\x01\xae\x01\xae\x03\x01\x22\x00\x02\x11\x01\x03\x11\x01\
\xff\xc4\x00\x1f\x00\x00\x01\x05\x01\x01\x01\x01\x01\x01\x00\x00\
\x00\x00\x00\x00\x00\x00\x01\x02\x03\x04\x05\x06\x07\x08\x09\x0a\
\x0b\xff\xc4\x00\xb5\x10\x00\x02\x01\x03\x03\x02\x04\x03\x05\x05\
\x04\x04\x00\x00\x01}\x01\x02\x03\x00\x04\x11\x05\x12!1\
A\x06\x13Qa\x07\x22q\x142\x81\x91\xa1\x08#B\
\xb1\xc1\x15R\xd1\xf0$3br\x82\x09\x0a\x16\x17\x18\
\x19\x1a%&'()*456789:C\
DEFGHIJSTUVWXYZc\
defghijstuvwxyz\x83\
\x84\x85\x86\x87\x88\x89\x8a\x92\x93\x94\x95\x96\x97\x98\x99\x9a\
\xa2\xa3\xa4\xa5\xa6\xa7\xa8\xa9\xaa\xb2\xb3\xb4\xb5\xb6\xb7\xb8\
\xb9\xba\xc2\xc3\xc4\xc5\xc6\xc7\xc8\xc9\xca\xd2\xd3\xd4\xd5\xd6\
\xd7\xd8\xd9\xda\xe1\xe2\xe3\xe4\xe5\xe6\xe7\xe8\xe9\xea\xf1\xf2\
\xf3\xf4\xf5\xf6\xf7\xf8\xf9\xfa\xff\xc4\x00\x1f\x01\x00\x03\x01\
\x01\x01\x01\x01\x01\x01\x01\x01\x00\x00\x00\x00\x00\x00\x01\x02\
\x03\x04\x05\x06\x07\x08\x09\x0a\x0b\xff\xc4\x00\xb5\x11\x00\x02\
\x01\x02\x04\x04\x03\x04\x07\x05\x04\x04\x00\x01\x02w\x00\x01\
\x02\x03\x11\x04\x05!1\x06\x12AQ\x07aq\x13\x22\
2\x81\x08\x14B\x91\xa1\xb1\xc1\x09#3R\xf0\x15b\
r\xd1\x0a\x16$4\xe1%\xf1\x17\x18\x19\x1a&'(\
)*56789:CDEFGHIJ\
STUVWXYZcdefghij\
stuvwxyz\x82\x83\x84\x85\x86\x87\x88\x89\
\x8a\x92\x93\x94\x95\x96\x97\x98\x99\x9a\xa2\xa3\xa4\xa5\xa6\xa7\
\xa8\xa9\xaa\xb2\xb3\xb4\xb5\xb6\xb7\xb8\xb9\xba\xc2\xc3\xc4\xc5\
\xc6\xc7\xc8\xc9\xca\xd2\xd3\xd4\xd5\xd6\xd7\xd8\xd9\xda\xe2\xe3\
\xe4\xe5\xe6\xe7\xe8\xe9\xea\xf2\xf3\xf4\xf5\xf6\xf7\xf8\xf9\xfa\
\xff\xda\x00\x0c\x03\x01\x00\x02\x11\x03\x11\x00?\x00\xfdS\
\xa2\x8a(\x00\xa2\x8a(\x00\xa2\x8a(\x00\xa2\x8a(\x00\
\xa2\x8a(\x00\xa2\x8a(\x00\xa2\x8a(\x00\xa2\x8a(\x00\
\xa2\x8a(\x00\xa2\x8a(\x00\xa2\x8a(\x00\xa2\x8a(\x00\
\xa2\x8a(\x00\xa2\x8a(\x00\xa2\x8a(\x00\xa2\x8a(\x00\
\xa2\x8a(\x00\xa2\x8a(\x00\xa2\x8a(\x00\xa2\x8a(\x00\
\xa2\x8a(\x00\xa2\x8a(\x00\xa2\x8a(\x00\xa2\x8a(\x00\
\xa2\x8a(\x00\xa2\x8a(\x00\xa2\x8a(\x00\xa2\x8a(\x00\
\xa2\x8a\xe5~(\xfcQ\xf0\xc7\xc1\x8f\x02\xea~2\xf1\
\x96\xa7\xfd\x8f\xe1\xbd3\xca\xfb]\xef\xd9\xe5\x9f\xcb\xf3\
%H\x93\xe4\x89Y\xce^D\x1c)\xc6rp\x014\
\x01\xd5Q_*\xff\x00\xc3\xd1\xff\x00f/\xfa)\xbf\
\xf9@\xd5?\xf9\x1a\x8f\xf8z?\xec\xc5\xff\x00E7\
\xff\x00(\x1a\xa7\xff\x00#P\x07\xd5TW\xca\xbf\xf0\
\xf4\x7f\xd9\x8b\xfe\x8ao\xfeP5O\xfeF\xa3\xfe\x1e\
\x8f\xfb1\x7f\xd1M\xff\x00\xca\x06\xa9\xff\x00\xc8\xd4\x01\
\xf5U\x15\xf2\xaf\xfc=\x1f\xf6b\xff\x00\xa2\x9b\xff\x00\
\x94\x0dS\xff\x00\x91\xa8\xff\x00\x87\xa3\xfe\xcc_\xf4S\
\x7f\xf2\x81\xaa\x7f\xf25\x00}UE|\xab\xff\x00\x0f\
G\xfd\x98\xbf\xe8\xa6\xff\x00\xe5\x03T\xff\x00\xe4j?\
\xe1\xe8\xff\x00\xb3\x17\xfd\x14\xdf\xfc\xa0j\x9f\xfc\x8d@\
\x1fUQ^U\xf0/\xf6\xa3\xf8a\xfbJ\x7fm\xff\
\x00\xc2\xb8\xf17\xfc$\x7f\xd8\xbeG\xdb\xff\x00\xd0.\
\xad|\x9f;\xcc\xf2\xbf\xd7\xc4\x9b\xb3\xe5I\xf7s\x8d\
\xbc\xe3#=_\xc5\x1f\x8a>\x18\xf81\xe0]O\xc6\
^2\xd4\xff\x00\xb1\xfc7\xa6y_k\xbd\xfb<\xb3\
\xf9~d\xa9\x12|\x91+9\xcb\xc8\x83\x858\xceN\
\x00&\x80:\xaa+\xe5_\xf8z?\xec\xc5\xff\x00E\
7\xff\x00(\x1a\xa7\xff\x00#W\xd5T\x00Q^\x01\
\xf1K\xf6\xf4\xf8\x15\xf0W\xc7Z\x97\x83|g\xe3\x9f\
\xeco\x12i\xbeW\xda\xac\xbf\xb2/\xe7\xf2\xfc\xc8\x92\
T\xf9\xe2\x81\x90\xe5$C\xc3\x1cg\x07\x90Er\x9f\
\xf0\xf4\x7f\xd9\x8b\xfe\x8ao\xfeP5O\xfeF\xa0\x0f\
\xaa\xa8\xaf\x95\x7f\xe1\xe8\xff\x00\xb3\x17\xfd\x14\xdf\xfc\xa0\
j\x9f\xfc\x8dG\xfc=\x1f\xf6b\xff\x00\xa2\x9b\xff\x00\
\x94\x0dS\xff\x00\x91\xa8\x03\xea\xaa(\xa2\x80\x0a(\xa2\
\x80\x0a(\xaf\x94\xff\x00\xe1\xe8\xff\x00\xb3\x1f\xfd\x14\xdf\
\xfc\xa0j\x7f\xfc\x8d@\x1fVQ_)\xff\x00\xc3\xd1\
\xff\x00f?\xfa)\xbf\xf9@\xd4\xff\x00\xf9\x1a\x8f\xf8\
z?\xec\xc7\xff\x00E7\xff\x00(\x1a\x9f\xff\x00#\
P\x07\xd5\x94W\xcf\xbf\x0b\xff\x00o\x7f\x81?\x19\xbc\
s\xa6x;\xc1\xde:\xfe\xd8\xf1&\xa5\xe6\xfd\x92\xcb\
\xfb\x22\xfe\x0f3\xcb\x89\xe5\x7f\x9eX\x15\x06\x127<\
\xb0\xce02H\x15\xf4\x08l\xd0\x02\xd1E\x14\x00Q\
E\x14\x00QE|\xa2\x7f\xe0\xa8\x9f\xb3'\xfd\x14\xdf\
\xfc\xa0\xea\x9f\xfc\x8d@\x1fWQ\x5c\x9f\xc2\xcf\x8a>\
\x19\xf8\xd1\xe0=3\xc6^\x0e\xd4\xff\x00\xb6<9\xa9\
y\xbfd\xbd\xfb<\xb0y\x9e\x5c\xaf\x13\xfc\x92\xaa\xb8\
\xc3\xc6\xe3\x95\x19\xc6G\x04\x1a\xeb(\x00\xa2\x8a(\x00\
\xa2\x8a\xf0\x0f\x8a_\xb7\xa7\xc0\xaf\x82\xbe:\xd4\xbc\x1b\
\xe3?\x1c\xff\x00cx\x93M\xf2\xbe\xd5e\xfd\x91\x7f\
?\x97\xe6D\x92\xa7\xcf\x14\x0c\x87)\x22\x1e\x18\xe38\
<\x82(\x03\xdf\xe8\xaf\x95\x7f\xe1\xe8\xff\x00\xb3\x17\xfd\
\x14\xdf\xfc\xa0j\x9f\xfc\x8dG\xfc=\x1f\xf6b\xff\x00\
\xa2\x9b\xff\x00\x94\x0dS\xff\x00\x91\xa8\x03\xea\xaa+\xe5\
_\xf8z?\xec\xc5\xff\x00E7\xff\x00(\x1a\xa7\xff\
\x00#Q\xff\x00\x0fG\xfd\x98\xbf\xe8\xa6\xff\x00\xe5\x03\
T\xff\x00\xe4j\x00\xfa\xaa\x8a\xf9W\xfe\x1e\x8f\xfb1\
\x7f\xd1M\xff\x00\xca\x06\xa9\xff\x00\xc8\xd4\x7f\xc3\xd1\xff\
\x00f/\xfa)\xbf\xf9@\xd5?\xf9\x1a\x80>\xaa\xa2\
\xbeU\xff\x00\x87\xa3\xfe\xcc_\xf4S\x7f\xf2\x81\xaa\x7f\
\xf25\x1f\xf0\xf4\x7f\xd9\x8b\xfe\x8ao\xfeP5O\xfe\
F\xa0\x0f\xaa\xa8\xa2\x8a\x00(\xa2\x8a\x00(\xa2\x8a\x00\
+\xe5_\xf8*1#\xf6\x14\xf8\x9b\x8f\xfa\x86\x7f\xe9\
\xce\xd2\xbe\xaa\xaf\x95\x7f\xe0\xa8\xff\x00\xf2b\x7f\x13\x7f\
\xee\x19\xff\x00\xa7KJ\x00\xfc\x03\xe9\xedK\xb7\x19\xc8\
\xe3\xaf\x14/\x189\xe3\xde\xbf\xaa\x14M\xb8\x00~t\
\x01\xfc\xaedQ\x91_\xd5.M\x194\x01\xfc\xadd\
Q\xc5\x7fT\xb94d\xd0\x07\xf2\xb3E\x7fT\xd95\
\xf8\x09\xff\x00\x05G\xff\x00\x93\xea\xf8\x9b\xff\x00p\xcf\
\xfd6ZP\x07\xd5?\xf0C\x1f\xf9\xad\x9f\xf7\x04\xff\
\x00\xdb\xfa\xfa\xab\xfe\x0a\x8cq\xfb\x0a|M\xc7\xfdC\
?\xf4\xe7i_*\xff\x00\xc1\x0c\x7f\xe6\xb6\x7f\xdc\x13\
\xff\x00o\xeb\xf5R\x80?\x95z\xfe\xaa(\xaf\xe5^\
\x80>\xa9\xff\x00\x82\xa2\xff\x00\xc9\xf4\xfcK\xff\x00\xb8\
g\xfe\x9b-+\xe5j\x93;\xf0[$\x81\xc1'\xad\
6\x80\x1bE\x14P\x07\xf5M\xcf\xa8\xa5\xfcE\x7f+\
?\x89\xa3\xf14\x01\xfdS\xd1_\xca\xcd}U\xff\x00\
\x04\xbb\xff\x00\x93\xe9\xf8e\xff\x00q?\xfd6]\xd0\
\x07\xef\xe5\x7f*\xf5\xfdTW\xf2\xaf@\x05\x15\xfb\xf9\
\xff\x00\x04\xb8\xff\x00\x93\x15\xf8e\xff\x00q?\xfd9\
\xdd\xd7\xd5\x94\x01\xf8\x05\xff\x00\x04\xb9\xff\x00\x93\xea\xf8\
e\xff\x00q?\xfd6]\xd7\xef\xed\x14P\x01E\x7f\
*\xf8\xcd~\xfe\x7f\xc1.?\xe4\xc5~\x19\x7f\xdcO\
\xff\x00Nwt\x01\xf5e\x15\xf9W\xff\x00\x05\xcb\xff\
\x00\x9a+\xff\x00q\xbf\xfd\xb0\xaf\xca\xba\x00\xfe\xaa+\
\xf9W\xa2\x8a\x00\xfd\xfc\xff\x00\x82\x5c\x7f\xc9\x8a\xfc3\
\xff\x00\xb8\x9f\xfe\x9c\xee\xab\xea\xca\xf9O\xfe\x09q\xff\
\x00&+\xf0\xcf\xfe\xe2\x7f\xfas\xba\xaf\x95\xff\x00\xe0\
\xb9\x7f\xf3E\x7f\xee7\xff\x00\xb6\x14\x01\xfa\xa9E~\
\x01\xff\x00\xc1.\x94\xff\x00\xc3t\xfc3#\x1d5?\
\xfd6]\xd7\xef\xe5\x00\x15\xf8\x01\xff\x00\x05E\xff\x00\
\x93\xe8\xf8\x97\xff\x00p\xcf\xfd6ZW\xef\xfd~\x00\
\x7f\xc1Q\x7f\xe4\xfa>%\xff\x00\xdc3\xff\x00M\x96\
\x94\x01\xf2\xb5\x15\xfa\xa7\xff\x00\x042\xff\x00\x9a\xd9\xff\
\x00pO\xfd\xbf\xaf\xd5*\x00\xfeV\xa8\xaf\xea\x96\x8a\
\x00\xfeV\xa8\xaf\xea\x96\x81\xd6\x80?\x95\xaa+\xf7\xf3\
\xfe\x0a\x89\xff\x00&)\xf13\xfe\xe1\xbf\xfat\xb4\xaf\
\xc0:\x00\xfe\xaa(\xa2\x8a\x00(\xa2\x8a\x00(\xa2\x8a\
\x00+\xe5_\xf8*?\xfc\x98\x9f\xc4\xdf\xfb\x86\x7f\xe9\
\xd2\xd2\xbe\xaa\xaf\x95\x7f\xe0\xa8\xff\x00\xf2b\x7f\x13\x7f\
\xee\x19\xff\x00\xa7KJ\x00\xfc\x02=+\xfa\xa5=k\
\xf9Z=+\xfa\xa5=h\x03\xf2\x0b\xf6\xf4\xfd\xbd>\
;|\x15\xfd\xac<u\xe0\xcf\x06x\xeb\xfb\x1f\xc3z\
o\xd8~\xc9e\xfd\x91c?\x97\xe6X\xdb\xca\xff\x00\
<\xb03\x9c\xbc\x8eyc\x8c\xe0`\x00+\xc0?\xe1\
\xe8\xff\x00\xb4\xef\xfd\x14\xdf\xfc\xa0i\x7f\xfc\x8dG\xfc\
\x15\x1f\xfeO\xb3\xe2o\xfd\xc3?\xf4\xd7i_*\xd0\
\x07\xd5_\xf0\xf4\x7f\xdaw\xfe\x8ao\xfeP4\xbf\xfe\
F\xa3\xfe\x1e\x8f\xfbN\xff\x00\xd1L\xff\x00\xca\x06\x97\
\xff\x00\xc8\xd5\xf2\xad\x14\x01\xfdR*\x90\x00-\xd0\xfe\
u\xf8\x0d\xff\x00\x05G\xff\x00\x93\xea\xf8\x99\xff\x00p\
\xcf\xfd6ZW\xef\xd9\x1c\xd7\xe0'\xfc\x15\x1b\xfeO\
\xa7\xe2g\xfd\xc3?\xf4\xd9i@\x1fT\xff\x00\xc1\x0c\
\x7f\xe6\xb6\x7f\xdc\x13\xff\x00o\xeb\xf5R\xbf*\xff\x00\
\xe0\x86?\xf3[?\xee\x09\xff\x00\xb7\xf5\xfa\xa9@\x05\
|\xa7\xff\x00\x0e\xba\xfd\x99?\xe8\x99\xff\x00\xe5{T\
\xff\x00\xe4\x9a\xfa\xb2\xbf*\xff\x00\xe1\xf9\xbf\xf5D\xff\
\x00\xf2\xeb\xff\x00\xee*\x00\xf8\xc3\xf6\xf4\xf8]\xe1\x8f\
\x83?\xb5w\x8e<\x1f\xe0\xed3\xfb\x1f\xc3\x9ai\xb1\
\x16\xb6_h\x96\x7f/\xcc\xb0\xb6\x95\xfeyY\x9c\xe5\
\xe4s\xcb\x1cg\x03\x00\x01_>W\xea\x93~\xc3\xff\
\x00\xf0\xf2O\xf8\xc8\xc1\xe3C\xf0\xf3\xfe\x13C\x9f\xf8\
F\x86\x93\xfd\xa9\xf6?\xb2\x7f\xa0\x7f\xc7\xcf\x9d\x0f\x99\
\xbf\xec\x9eg\xfa\xb5\xdb\xe6m\xe7n\xe2\xd1\xff\x00\x04\
6c\xff\x005\xa7\xf3\xf0\xa7\xff\x00v\xd0\x07\xc5\x9f\
\xb0W\xc2\xdf\x0c|i\xfd\xac|\x0d\xe0\xdf\x19i\x9f\
\xdb>\x1b\xd4\xbe\xdd\xf6\xbb/\xb4K\x07\x99\xe5\xd8\x5c\
J\x9f<L\xae0\xf1\xa1\xe1\x86q\x83\xc1\x22\xbf_\
\xff\x00\xe1\xd7\x1f\xb3\x17\xfd\x13/\xfc\xaf\xea\x9f\xfc\x93\
^Q\xfb-\xff\x00\xc1)O\xec\xd7\xf1\xdb\xc3?\x11\
\xcf\xc5\x01\xe2/\xec_\xb5\x7f\xc4\xb3\xfe\x11\xff\x00\xb2\
\xf9\xdeu\xac\xb0\x7f\xad\xfbS\xed\xc7\x9b\xbb\xee\x9c\xed\
\xc7\x19\xc8\xfd\x01\xa0\x0f\x95?\xe1\xd7?\xb3\x0f\xfd\x13\
?\xfc\xaf\xea\x9f\xfc\x93K\xff\x00\x0e\xb8\xfd\x98\xbf\xe8\
\x99\x7f\xe5\x7fT\xff\x00\xe4\x9a\xf9W\xfe\x1f\x9b\xff\x00\
TW\xff\x00.\xaf\xfe\xe2\xaf\xbf\x7fe\xcf\x8e\x7f\xf0\
\xd2_\x02\xfc3\xf1\x1f\xfb\x13\xfe\x11\xcf\xed\xaf\xb5\x7f\
\xc4\xb3\xed\x7fj\xf2|\x9b\xa9`\xff\x00Y\xb17g\
\xca\xdd\xf7F7c\x9cd\x80yg\xfc:\xe3\xf6b\
\xff\x00\xa2e\xff\x00\x95\xfdS\xff\x00\x92k\xca\x7fj\
O\xd9o\xe1\x8f\xec]\xf0'\xc4\xdf\x19>\x0dxg\
\xfe\x10\xef\x89\x1e\x1a\xfb/\xf6V\xb5\xf6\xfb\xab\xef\xb3\
\xfd\xa2\xea\x1bY\xbfsu,\xb1>\xe8g\x95>d\
8\xdd\x91\x86\x00\x8f\xd0\x0a\xf9W\xfe\x0a\x8f\xff\x00&\
'\xf17\xfe\xe1\x9f\xfat\xb4\xa0\x0f\xca\xbf\xf8z?\
\xed;\xff\x00E7\xff\x00(\x1a_\xff\x00#W\xca\
\xb4W\xea\xaf\xfc8\xcf\xfe\xab_\xfeZ\x9f\xfd\xdb@\
\x1f\x15|/\xfd\xbc\xfe:|\x16\xf0&\x97\xe0\xdf\x06\
x\xe8\xe8\xde\x1b\xd3|\xdf\xb2\xd9\x7fdXO\xe5\xf9\
\x92\xbc\xaf\xf3\xcb\x039\xcb\xc8\xc7\x968\xce\x06\x06\x00\
\xfd)\xff\x00\x82R\xfe\xd4_\x13\xbfi?\xf8Z?\
\xf0\xb1\xfcM\xff\x00\x09\x1f\xf6/\xf6_\xd8?\xd0-\
m|\x9f;\xed~o\xfa\x88\x93v|\xa8\xfe\xf6q\
\xb7\x8cd\xe7\xca\xff\x00\xe1\xc6\x7f\xf5Z\xff\x00\xf2\xd4\
\xff\x00\xee\xda\x00\xff\x00\x87/\x0c\x9f\xf8\xbc?\xf0\xb2\
}?\xe2G\xfd\x9d\xfd\x9f\xff\x00\x81>o\x99\xf6\xff\
\x00\xf66\xf9_\xc5\xbb\xe5\x00\xfbO\xf6\xf6\xf8\xa3\xe2\
\x7f\x83\x1f\xb2w\x8e|e\xe0\xedK\xfb\x1f\xc4\x9ag\
\xd8>\xc9zm\xe2\x9f\xcb\xf3/\xed\xe2\x7f\x92Ud\
9I\x1cr\xa7\x19\xc8\xc1\x00\xd7\xe4\x0f\xfc=\x1f\xf6\
\x9d\xff\x00\xa2\x9b\xff\x00\x94\x0d3\xff\x00\x91\xab\xd5\xbf\
j?\xf8*\xcf\xfc4\xa7\xc0\x9f\x13|8\xff\x00\x85\
]\xff\x00\x08\xe7\xf6\xd7\xd9\x7f\xe2g\xff\x00\x09\x07\xda\
\xbc\x9f&\xea)\xff\x00\xd5}\x957g\xca\xdb\xf7\x86\
7g\x9c`\xfe\x7f\xd0\x04\x8d&\xfe\xa1A\xcer8\
\xaf}\xf8c\xfbx|r\xf87\xe0}3\xc1\xfe\x0e\
\xf1\xb8\xd1\xbc9\xa6\xf9\x9fe\xb2\xfe\xc7\xb0\x9f\xcb\xf3\
$i_\xe7\x96\x06s\x97\x91\xcf,q\x9c\x0c\x00\x05\
}\xa9\xff\x00\x0e3\xff\x00\xaa\xd7\xff\x00\x96\xa7\xff\x00\
v\xd7\xc0\x1f\xb5\x0f\xc0\xdf\xf8f\xdf\x8e\x9e%\xf8s\
\xfd\xb5\xff\x00\x09\x11\xd1~\xcd\xff\x00\x13/\xb2}\x97\
\xce\xf3\xad\xa2\x9f\xfd^\xf7\xdb\x8f7o\xde9\xdb\x9e\
3\x80\x00|q\xfd\xa8~&\xfe\xd2#E\xff\x00\x85\
\x8d\xe2Q\xe2/\xec_?\xec\x18\xd3\xedm|\x9f;\
\xcb\xf3?\xd4D\x9b\xb3\xe5G\xf7\xb3\x8d\xbcc'=\
O\xec\x15\xf0\xb7\xc3\x1f\x1a?k\x1f\x03x7\xc6z\
g\xf6\xc7\x86\xf5/\xb7}\xae\xcb\xed\x12\xc1\xe6yv\
\x17\x12\xa7\xcf\x13+\x8c<hxa\x9c`\xf0H\xaf\
\x02\xafU\xfd\x97>9\xff\x00\xc36|v\xf0\xcf\xc4\
\x7f\xecO\xf8H\xbf\xb1~\xd5\xff\x00\x12\xcf\xb5\xfd\x97\
\xce\xf3\xade\x83\xfdn\xc7\xdb\x8f7w\xdd9\xdb\x8e\
3\x90\x01\xfbO\xff\x00\x0e\xb8\xfd\x98\xbf\xe8\x99\x7f\xe5\
\x7fT\xff\x00\xe4\x9a?\xe1\xd7\x1f\xb3\x17\xfd\x13/\xfc\
\xaf\xea\x9f\xfc\x93_*\xff\x00\xc3\xf3\x87\xfd\x11O\xfc\
\xba\xff\x00\xfb\x8a\x97\xfe\x1f\x99\xff\x00TO\xff\x00.\
\xbf\xfe\xe2\xa0\x0f\xd2o\x85\xdf\x0b<1\xf0[\xc0\xba\
o\x83\xbc\x1b\xa6\xff\x00c\xf8sN\xf3~\xcbe\xf6\
\x89g\xf2\xfc\xc9ZW\xf9\xe5fs\x97\x91\x8f$\xe3\
8\x18\x00\x0a\xe5~9\xfe\xcb\xbf\x0c\x7fi?\xecO\
\xf8X\xfe\x19\xff\x00\x84\x8b\xfb\x17\xcf\xfb\x07\xfa}\xd5\
\xaf\x93\xe7y~g\xfa\x89Sv|\xa8\xfe\xf6q\xb7\
\x8cd\xe7\xe0?\xf8~g\xfdQ?\xfc\xba\xff\x00\xfb\
\x8a\x8f\xf8~g\xfdQ?\xfc\xba\xff\x00\xfb\x8a\x80>\
\xd0\xf8]\xfb\x07|\x0b\xf81\xe3\xad3\xc6>\x0e\xf0\
?\xf67\x88\xf4\xdf3\xec\xb7\xbf\xda\xf7\xf3\xf9~d\
O\x13\xfc\x92\xce\xc8r\x928\xe4\x1e\xb9\xea\x01\xaf\xa0\
\x81\xc8\xaf\xca\xcf\xf8~X\xff\x00\xa2'\xff\x00\x97_\
\xff\x00qR\xff\x00\xc3\xf3?\xea\x89\xff\x00\xe5\xd7\xff\
\x00\xdcT\x01\xfa\xa7_\x80\x1f\xf0T_\xf9>\x8f\x89\
\x7f\xf7\x0c\xff\x00\xd3e\xa5~\xfd\xa3\x10\x80\x9e\xbe\xdc\
\xd7\xe0'\xfc\x15\x17\xfeO\xa3\xe2_\xfd\xc3?\xf4\xd9\
i@\x1fU\x7f\xc1\x0c\xbf\xe6\xb6\x7f\xdc\x13\xff\x00o\
\xeb\xedO\xdb\xcb\xe2\x97\x89\xbe\x0b\xfe\xca>8\xf1\x97\
\x83\xb53\xa3\xf8\x8fM\xfb\x0f\xd9oE\xbcS\xf9~\
e\xfd\xbcO\xf2J\xac\x87)#\x8eT\xe39\x1c\x80\
k\xe2\xbf\xf8!\x97\xfc\xd6\xcf\xfb\x82\x7f\xed\xfd}Q\
\xff\x00\x05F\xff\x00\x93\x16\xf8\x99\xf4\xd3?\xf4\xe9i\
@\x1f\x96\x1f\xf0\xf4O\xdaw\xfe\x8ag\xfePt\xbf\
\xfeF\xa3\xfe\x1e\x89\xfbN\xff\x00\xd1L\xff\x00\xca\x0e\
\x97\xff\x00\xc8\xd5\xf2\x9d\x14\x01\xf5g\xfc=\x13\xf6\x9d\
\xff\x00\xa2\x99\xff\x00\x94\x1d/\xff\x00\x91\xab\xef\xdf\xf8\
%?\xedE\xf1;\xf6\x93\xff\x00\x85\xa1\xff\x00\x0b\x1f\
\xc4\xdf\xf0\x91\xff\x00b\xff\x00e\xfd\x83\xfd\x02\xd6\xd7\
\xc9\xf3\xbe\xd7\xe6\xff\x00\xa8\x897g\xca\x8f\xefg\x1b\
x\xc6N\x7f\x15\xab\xf5S\xfe\x08g\xd3\xe3W\xfd\xc1\
?\xf6\xfe\x80>\xa8\xff\x00\x82\xa2\x7f\xc9\x8a|L\xff\
\x00\xb8o\xfe\x9d-+\xf0\x0e\xbf\x7f?\xe0\xa8\x9f\xf2\
b\x9f\x13?\xee\x1b\xff\x00\xa7KJ\xfc\x03\xa0\x0f\xea\
\xa2\x8a(\xa0\x02\x8a(\xa0\x02\x8a(\xa0\x02\xbeU\xff\
\x00\x82\xa3\xff\x00\xc9\x89\xfcM\xff\x00\xb8g\xfe\x9d-\
+\xea\xaa\xf9W\xfe\x0a\x8f\xff\x00&'\xf17\xfe\xe1\
\x9f\xfat\xb4\xa0\x0f\xc0#\xd2\xbf\xaaS\xd6\xbf\x95\xa3\
\xd2\xbf\xaaS\xd6\x80?\x00\xff\x00\xe0\xa8\xff\x00\xf2}\
\x9f\x13\x7f\xee\x19\xff\x00\xa6\xbbJ\xf9V\xbe\xaa\xff\x00\
\x82\xa3\xff\x00\xc9\xf5\xfcL\xff\x00\xb8g\xfe\x9a\xed+\
\xe5Z\x00(\xa2\x8a\x00\xfe\xa9\x8fZ\xfc\x04\xff\x00\x82\
\xa3\x7f\xc9\xf4\xfcL\xff\x00\xb8g\xfe\x9b-+\xf7\xec\
\xf5\xaf\xc0O\xf8*7\xfc\x9fO\xc4\xcf\xfb\x86\x7f\xe9\
\xb2\xd2\x80>\xa9\xff\x00\x82\x18\xff\x00\xcdl\xff\x00\xb8\
'\xfe\xdf\xd7\xe9W\xc5\x1f\x8a>\x18\xf81\xe0]O\
\xc6^1\xd4\xbf\xb1\xfc7\xa6y\x7fk\xbd\x16\xf2\xcf\
\xe5\xf9\x92\xa4I\xf2D\xac\xe7/\x22\x0e\x14\xe398\
\x00\x9a\xfc\xd5\xff\x00\x82\x18\xff\x00\xcdl\xff\x00\xb8'\
\xfe\xdf\xd7\xd5?\xf0T_\xf91o\x89\xbf\xf7\x0c\xff\
\x00\xd3\x9d\xa5\x00/\xfc=\x1f\xf6b\xff\x00\xa2\x9b\xff\
\x00\x94\x0dS\xff\x00\x91\xab\xf0\x14\xb0%\xb2s\xe9\xc5\
GFh\x03\xf6\x07\xf6\x0d\xfd\xbb\xfe\x06\xfc\x15\xfd\x94\
<\x0b\xe0\xdf\x18\xf8\xdc\xe9>\x22\xd3E\xf1\xba\xb3\xfe\
\xc9\xbe\x98\xc7\xe6_\x5cJ\x9f<P2\x1c\xa4\x88x\
c\xd7\x07\x04\x10=\xfb\xfe\x1e\x89\xfb1\x8e\xbf\x130\
}\xf4\x1dO\xff\x00\x91\xab\xf0\x08g\x02\x8cP\x07\xf4\
M\xf0\xc3\xf6\xf5\xf8\x13\xf1\x97\xc7:g\x83\xbc\x1d\xe3\
\xaf\xed\x8f\x11\xea^o\xd9l\xbf\xb2/\xa0\xf3<\xb8\
\x9eW\xf9\xe5\x81Pa#s\xc9\x19\xc6\x06I\x02\xbd\
\xf79\xaf\xc0?\xf8%\xe7\xfc\x9fG\xc3/\xfb\x89\xff\
\x00\xe9\xb2\xee\xbf\x7f(\x03\xf0\x1b\xfe\x1du\xfbM\x7f\
\xd14\xff\x00\xca\xfe\x97\xff\x00\xc95\xfa\xf5\xfb\x05\xfc\
0\xf17\xc1\xaf\xd9C\xc0\xde\x0e\xf1\x8e\x9b\xfd\x8f\xe2\
=7\xed\xff\x00j\xb2\xf3\xe2\x9f\xcb\xf3/\xee%O\
\x9e&d9I\x10\xf0N3\x83\x82\x08\xaf\xa0\xa9\x94\
\x01\xe5\xbf\x1c\xff\x00j/\x86?\xb3X\xd1\x0f\xc4\x7f\
\x13\x7f\xc2:5\x9f<X\x1f\xec\xfb\xab\xaf;\xc9\xf2\
\xfc\xcf\xf5\x11>\xdcy\xb1\xfd\xecg<g\x07\x1f\x15\
~\xde\xbf\xb7\xaf\xc0\x9f\x8d?\xb2w\x8e|\x1b\xe0\xdf\
\x1c\xff\x00l\xf8\x93R\xfb\x0f\xd9,\xbf\xb2/\xe0\xf3\
<\xbb\xfby_\xe7\x96\x05A\x84\x8d\xcf,3\x8c\x0e\
H\x15\xca\xff\x00\xc1s\xbf\xe6\x89\xff\x00\xdco\xff\x00\
l+\xf2\xae\x80\x0a\xfd\xfc\xff\x00\x87\xa2\xfe\xcc_\xf4\
S?\xf2\x83\xaa\x7f\xf25~\x01\xd1@\x1f\xd3\xe7\xc2\
\xcf\x8a>\x18\xf8\xd1\xe0M3\xc6^\x0d\xd5?\xb6|\
5\xa9y\xbfd\xbd\xfb<\xb0y\x9e\x5c\xaf\x13\xfc\x92\
\xaa\xb8\xc3\xc6\xe3\x95\x19\xc6G\x04\x1a\xf8\xb3\xfe\x0a\xb9\
\xfb/\xfcM\xfd\xa4W\xe1w\xfc+\x9f\x0c\x9f\x11\x7f\
b\xff\x00j}\xbc}\xba\xda\xdb\xc9\xf3\xbe\xc9\xe5\xff\
\x00\xaf\x917g\xca\x93\xee\xe7\x1by\xc7\x19\xf5_\xf8\
%\xc7\xfc\x98\x9f\xc3/\xfb\x89\xff\x00\xe9\xd2\xee\xbe\xa7\
\xa0\x0f\xe7o\xe2\x8f\xec\x1b\xf1\xcf\xe0\xbf\x80\xf5/\x19\
\xf8\xc7\xc1\x03G\xf0\xde\x9d\xe5}\xaa\xf7\xfb^\xc6\x7f\
/\xcc\x95\x22O\x92)\xd9\xdb/\x22\x8e\x14\xe398\
\x00\x9a\xf9\xfa\xbf\x7f\x7f\xe0\xa8\xff\x00\xf2b\xbf\x12\xff\
\x00\xee\x19\xff\x00\xa7;J\xfc\x02\xa0\x0f\xdf\xcf\xf8z\
/\xec\xc5\xff\x00E3\xff\x00(:\xa7\xff\x00#W\
\xc0\x7f\xb5\x1f\xec\xb7\xf1?\xf6\xcf\xf8\xed\xe2o\x8c\x9f\
\x06\xfc3\xff\x00\x09\x8f\xc3\x7f\x12\xfd\x97\xfb+[\xfe\
\xd0\xb5\xb1\xfbO\xd9\xedb\xb5\x9b\xf772\xc52m\
\x9a\x09S\xe7A\x9d\xb9\x19\x04\x13\xf9\xff\x00_\xbf\xdf\
\xf0K\x8f\xf91?\x86\x7f\xf7\x13\xff\x00\xd3\xa5\xdd\x00\
~,|s\xfd\x97~'~\xcd\x9f\xd8\x9f\xf0\xb1\xfc\
3\xff\x00\x08\xe7\xf6\xd7\x9f\xf6\x0f\xf4\xfb[\xaf;\xc9\
\xf2\xfc\xdf\xf5\x12\xbe\xdcy\xb1\xfd\xecgw\x19\xc1\xc7\
)\xf0\xc3\xe1\x87\x89\xbe2\xf8\xe7L\xf0w\x83\xb4\xcf\
\xed\x8f\x11\xea^o\xd9l\xbc\xf8\xa0\xf3|\xb8\x9eW\
\xf9\xe5eA\x84\x8d\xcf$g\x18\x19$\x0a\xfd(\xff\
\x00\x82\xe6\x1c\xff\x00\xc2\x93\xff\x00\xb8\xdf\xfe\xd8W\xca\
\x9f\xf0K\xcf\xf9>\x8f\x86_\xf7\x13\xff\x00\xd3e\xdd\
\x00?\xfe\x1dw\xfbM\xff\x00\xd12\xff\x00\xca\xf6\x99\
\xff\x00\xc95\xf2\xad\x7fT\xa3\xa5\x7f+T\x01\xef\xff\
\x00\x0b\xbf`\xbf\x8e\xbf\x1a<\x09\xa6x\xcb\xc1\xbe\x06\
\xfe\xd8\xf0\xde\xa5\xe6\xfd\x92\xf7\xfb^\xc2\x0f3\xcb\x95\
\xe2\x7f\x92Y\xd5\xc6\x1e7\x1c\xa8\xce28 \xd7W\
\xff\x00\x0e\xb9\xfd\xa7?\xe8\x99\xff\x00\xe5\x7fL\xff\x00\
\xe4\x9a\xfdR\xff\x00\x82\x5c\xff\x00\xc9\x8a|3\xff\x00\
\xb8\x9f\xfe\x9c\xee\xeb\xea\xaa\x00\xfev~(\xfe\xc1_\
\x1d\xbe\x0cx\x17S\xf1\x97\x8c|\x0b\xfd\x8f\xe1\xbd3\
\xcb7w\xa3W\xb1\x9f\xcb\xf3%H\x93\xe4\x8avs\
\x97\x91\x07\x0aq\x9c\x9c\x00M|\xff\x00_\xbf\x7f\xf0\
T_\xf91o\x89\xdf\xf7\x0c\xff\x00\xd3\x9d\xa5~\x02\
P\x07\xf5B\x9cm\xff\x00tW\xe0/\xfc\x15\x17\xfe\
O\xa3\xe2_\xfd\xc3?\xf4\xd9i_\xbf\xab\xd0}+\
\xf0\x0b\xfe\x0a\x8b\xff\x00'\xd1\xf1/\xfe\xe1\x9f\xfal\
\xb4\xa0\x0f\xaa\xbf\xe0\x86_\xf3[?\xee\x09\xff\x00\xb7\
\xf5\xf5G\xfc\x15\x1b\xfeL[\xe2g\xd3L\xff\x00\xd3\
\xa5\xa5|\xaf\xff\x00\x042\xff\x00\x9a\xd9\xff\x00pO\
\xfd\xbf\xaf\xaa?\xe0\xa8\xdf\xf2b\xdf\x13>\x9ag\xfe\
\x9d-(\x03\xf0\x12\x8a(\xa0\x02\xbfU?\xe0\x86}\
>5\x7f\xdc\x13\xff\x00o\xeb\xf2\xae\xbfU?\xe0\x86\
}>5\x7f\xdc\x13\xff\x00o\xe8\x03\xea\x8f\xf8*'\
\xfc\x98\xa7\xc4\xcf\xfb\x86\xff\x00\xe9\xd2\xd2\xbf\x00\xeb\xf7\
\xf3\xfe\x0a\x89\xff\x00&)\xf13\xfe\xe1\xbf\xfat\xb4\
\xaf\xc0:\x00\xfe\xaa(\xa2\x8a\x00(\xa2\x8a\x00(\xa2\
\x8a\x00+\xe5_\xf8*?\xfc\x98\x9f\xc4\xdf\xfb\x86\x7f\
\xe9\xd2\xd2\xbe\xaa\xaf\x95\x7f\xe0\xa8\xff\x00\xf2b\x7f\x13\
\x7f\xee\x19\xff\x00\xa7KJ\x00\xfc\x01\xaf\xea\x98\xf5\xaf\
\xe5f\xbe\xab\xff\x00\x87\xa3\xfe\xd3\x9f\xf4S\x7f\xf2\x81\
\xa6\x7f\xf25\x00~\xfc\xaa\x00I\x00\x82\x7fZr\xae\
>\xb5\xf8\x09\xff\x00\x0fG\xfd\xa7?\xe8\xa6\x7f\xe5\x03\
L\xff\x00\xe4j?\xe1\xe8\xff\x00\xb4\xe7\xfd\x14\xdf\xfc\
\xa0i\x9f\xfc\x8d@\x1f\xbfes\xd7&\x95W\x02\xbf\
\x00\xff\x00\xe1\xe8\xff\x00\xb4\xe7\xfd\x14\xcf\xfc\xa0i\x9f\
\xfc\x8dG\xfc=\x1f\xf6\x9c\xff\x00\xa2\x9b\xff\x00\x94\x0d\
3\xff\x00\x91\xa8\x03\xf7\xf6\xbf\x00\xbf\xe0\xa8\xdf\xf2}\
?\x13?\xee\x19\xff\x00\xa6\xcbJ?\xe1\xe8\xff\x00\xb4\
\xe7\xfd\x14\xdf\xfc\xa0i\x9f\xfc\x8d_?\xfcO\xf8\xa1\
\xe2_\x8c\xde9\xd4\xfca\xe3\x1dO\xfbc\xc4z\x97\
\x95\xf6\xab\xdf\xb3\xc5\x07\x99\xe5\xc4\x91'\xc9\x12\xaa\x0c\
$h8\x038\xc9\xc9$\xd0\x07\xe9O\xfc\x10\xc7\xfe\
kg\xfd\xc1?\xf6\xfe\xbe\xa9\xff\x00\x82\xa2\xff\x00\xc9\
\x8b|N\xff\x00\xb8g\xfe\x9c\xed+\xe5o\xf8!\x8f\
\xfc\xd6\xcf\xfb\x82\x7f\xed\xfd}S\xff\x00\x05E\xff\x00\
\x93\x16\xf8\x9d\xff\x00p\xcf\xfd9\xdaP\x07\xe0\x1fo\
\xc6\xbf\xaa1\xd4\xfd\x0d\x7f+\x9d\xbf\x1a\xfe\xa8\xc7S\
\xf44\x01\xf8\x0f\xff\x00\x05E\xff\x00\x93\xe9\xf8\x97\xff\
\x00p\xdf\xfd6ZW\xd4\xdf\xf0C_\xf9\xad?\xf7\
\x05\xff\x00\xdb\xfa\xf9g\xfe\x0a\x8b\xff\x00'\xd3\xf1/\
\xfe\xe1\xbf\xfal\xb4\xaf\xa9\xbf\xe0\x86\xbf\xf3Z\x7f\xee\
\x0b\xff\x00\xb7\xf4\x01\xfa\xaa:R\xd7\xcf\xdf\xb7\xaf\xc5\
\x0f\x13|\x18\xfd\x93|s\xe3/\x07jCG\xf1&\
\x99\xf6\x03izm\xe2\x9f\xcb\xf3/\xed\xe2\x7f\x92U\
d9I\x1cr\xa7\x19\xc8\xc1\x00\xd7\xe4\x17\xfc=\x1f\
\xf6\x9d\xff\x00\xa2\x9b\xff\x00\x94\x0d/\xff\x00\x91\xa8\x03\
\xe5z+\xf7\xe5\x7f\xe0\x97\xdf\xb3)b\xcd\xf0\xd01\
$\x9c\xff\x00n\xeac?\x80\xb9\xc5~D\xfe\xde_\
\x0c|1\xf0o\xf6\xac\xf1\xbf\x83|\x1f\xa6\x9d#\xc3\
\xdag\xd8E\xad\x97\xda%\x9f\xca\x12X[\xca\xff\x00\
<\xac\xcer\xf29\xf9\x98\xe38\x18\x00\x0a\x00\xf9\xec\
\x0cW\xd5?\xf0K\xaf\xf9>\xcf\x86\x7f\xf7\x13\xff\x00\
\xd3]\xddz\xc7\xfc\x12\x9f\xf6]\xf8c\xfbI\xff\x00\
\xc2\xd1\xff\x00\x85\x8f\xe1\x9f\xf8H\xbf\xb1\x7f\xb2\xfe\xc1\
\xfe\x9fuk\xe4\xf9\xdfk\xf3\x7f\xd4J\x9b\xb3\xe5G\
\xf7\xb3\x8d\xbcc'?T~\xd4_\xb2\xe7\xc3\x0f\xd8\
\xbf\xe0W\x89\xfe2\xfc\x1d\xf0\xc9\xf0w\xc4\x8f\x0d\x0b\
o\xec\xadl_\xdd_}\x9b\xed\x171Z\xcd\xfb\x9b\
\xa9e\x85\xf7Cq*|\xe8q\xbb#\x0c\x01\x00\x1f\
}\xd1_\x80\x7f\xf0\xf4o\xdas\xfe\x8ag\xfeP4\
\xcf\xfeF\xaf\xdf\xca\x00\xfc\x06\xff\x00\x82\xa3\x7f\xc9\xf3\
\xfcJ\xff\x00\xb8o\xfe\x9a\xed+\xe5:\xfa\xb3\xfe\x0a\
\x8d\xff\x00'\xcf\xf1+\xfe\xe1\xbf\xfak\xb4\xafS\xff\
\x00\x82R~\xcb\x9f\x0c?iO\xf8Z?\xf0\xb1\xfc\
3\xff\x00\x09\x1f\xf6/\xf6_\xd8?\xd3\xee\xad|\x9f\
;\xed~o\xfa\x89Sv|\xa8\xfe\xf6q\xb7\x8cd\
\xe4\x03\xca\xbf\xe0\x97\x1f\xf2}\x9f\x0c\xbf\xee'\xff\x00\
\xa6\xbb\xba\xfd\xfe\xaf\x80\x7fj\x1f\xd9o\xe1\x7f\xec]\
\xf0+\xc4\xff\x00\x19~\x0exd\xf8;\xe2G\x86\x85\
\xb7\xf6V\xb65\x0b\xab\xef\xb3\x1b\x8b\x98\xadf\xfd\xcd\
\xd4\xb2\xc2\xfb\xa1\xb8\x95>t8\xdd\x91\x86\x00\x8f\xcf\
\xff\x00\xf8z?\xed;\xff\x00E7\xff\x00(\x1a_\
\xff\x00#P\x07\xef\xe1L\xf54\xaa01K_\x8f\
\xff\x00\xb7\xa7\xed\xe9\xf1\xd7\xe0\xaf\xeda\xe3\xaf\x06x\
3\xc7GG\xf0\xde\x9b\xf6\x1f\xb2Y\x1d&\xc6\x7f/\
\xcc\xb1\xb7\x95\xfey`g9y\x1c\xf2\xc7\x19\xc0\xc0\
\x00P\x07\xeb\xe7\x96\xae\xc4\x91\xce1\x9e\xbc\x7f\x91_\
,\xff\x00\xc1P\xc2\xaf\xec+\xf1(\x1c\xed\xff\x00\x89\
fq\xe9\xfd\xa9i^S\xff\x00\x04\xa5\xfd\xa8\xfe'\
~\xd2g\xe2\x87\xfc,\x7f\x13\x7f\xc2E\xfd\x8b\xfd\x97\
\xf6\x0f\xf4\x0b[_'\xce\xfbg\x9b\xfe\xa2$\xdd\x9f\
*?\xbd\x9cm\xe3\x199\xf5_\xf8*?\xfc\x98\xaf\
\xc4\xcf\xa6\x99\xff\x00\xa7KJ\x00\xfc\x03'w\xb0\x1d\
\x05/AM\xaf\xdf\xdf\xf8u\xcf\xec\xc5\xff\x00D\xcf\
\xff\x00+\xfa\x9f\xff\x00$\xd0\x07\xe0>K0\xdaX\
m\x1c\x0c\xf4\xa6m=M}\x09\xfbx\xfc3\xf0\xc7\
\xc1\x9f\xda\xbb\xc7\x1e\x0d\xf0~\x9at\x8f\x0fi\x9fa\
\xfb-\x97\x9f$\xc2?2\xc2\xdeW\xf9\xe4fs\x97\
\x91\xcf,q\x9c\x0e\x00\x15\xef\xbf\xf0J\x9f\xd9w\xe1\
\x8f\xed'\xff\x00\x0bC\xfe\x167\x86\x7f\xe1\x22\xfe\xc5\
\xfe\xcb\xfb\x07\xfa}\xd5\xaf\x93\xe7}\xaf\xcd\xff\x00Q\
*n\xcf\x95\x1f\xde\xce6\xf1\x8c\x9c\x80|\x01\xe6\x92\
\xac\xa0\xf5\xc7\x07&\x92\xbf_\x7fo/\xd8;\xe0_\
\xc1_\xd9K\xc7>2\xf0g\x81\xff\x00\xb1|G\xa6\
\xfd\x84[^\x8dZ\xfa\x7f/\xcc\xbf\xb7\x89\xfeIg\
d9I\x1cr\xa7\x19\xc8\xe4\x03_\x904\x01\xfdR\
/A\xf4\xaf\xc0/\xf8*/\xfc\x9fG\xc4\xbf\xfb\x86\
\x7f\xe9\xb2\xd2\xbf\x7fW\xa0\xfaW\xe0\x17\xfc\x15\x17\xfe\
O\xa3\xe2_\xfd\xc3?\xf4\xd9i@\x1fU\x7f\xc1\x0c\
\xbf\xe6\xb6\x7f\xdc\x13\xff\x00o\xeb\xf5J\xbf\x9b\x0f\x81\
_\xb5\x17\xc4\xdf\xd9\xac\xebg\xe1\xcf\x89\x7f\xe1\x1e\xfe\
\xd9\xf2>\xdf\xfe\x81mu\xe7y>g\x97\xfe\xbe7\
\xdb\x8f6O\xbb\x8c\xee\xe78\x15\xea\xa7\xfe\x0a\x8d\xfb\
Nv\xf8\x96?\xf0C\xa6\x7f\xf25\x00~\xfd\x15\xce\
2I\xa5Q\x81_\x80\x9f\xf0\xf4o\xdas\xfe\x8a`\
\xff\x00\xc1\x0e\x99\xff\x00\xc8\xd4\x7f\xc3\xd1\xbfi\xcf\xfa\
)\x83\xff\x00\x04:g\xff\x00#P\x07\xef\xd9\x5c\xf5\
\xc9\xa5U\xc0\xaf\xc0?\xf8z7\xed9\xff\x00E0\
\x7f\xe0\x87L\xff\x00\xe4j?\xe1\xe8\xdf\xb4\xe7\xfd\x14\
\xc1\xff\x00\x82\x1d3\xff\x00\x91\xa8\x03\xf5G\xfe\x0a\x89\
\xff\x00&)\xf13\xfe\xe1\xbf\xfat\xb4\xaf\xc0:\xfa\
\x03\xe2\x8f\xed\xeb\xf1\xd7\xe3G\x81u?\x06\xf8\xcb\xc7\
#X\xf0\xe6\xa5\xe5\xfd\xaa\xcb\xfb\x22\xc6\x0f3\xcb\x95\
eO\x9e(\x15\xc6\x1e4<\x11\xd3\x07\x82A\xf9\xfe\
\x80?\xaa\x8a(\xa2\x80\x0a(\xa2\x80\x0a(\xa2\x80\x0a\
\xf2\xaf\xda\x8f\xe0_\xfc4\xa7\xc0\x9f\x13|8\xfe\xdb\
\xff\x00\x84s\xfbk\xec\xbf\xf13\xfb'\xda\xbc\x9f&\
\xea)\xff\x00\xd5oM\xd9\xf2\xb6\xfd\xe1\x8d\xd9\xe7\x18\
>\xabE\x00~U\xff\x00\xc3\x8c\x7f\xea\xb6\x7f\xe5\xa9\
\xff\x00\xdd\xb4\x7f\xc3\x8c\x7f\xea\xb6\x7f\xe5\xa9\xff\x00\xdd\
\xb5\xfa\xa9_)\xff\x00\xc3\xd1\xff\x00f?\xfa)\xbf\
\xf9@\xd4\xff\x00\xf9\x1a\x80>W\xff\x00\x87\x18\xff\x00\
\xd5l\xff\x00\xcbS\xff\x00\xbbh\xff\x00\x87\x18\xff\x00\
\xd5l\xff\x00\xcbS\xff\x00\xbbk\xea\x8f\xf8z?\xec\
\xc7\xff\x00E7\xff\x00(\x1a\x9f\xff\x00#Q\xff\x00\
\x0fG\xfd\x98\xff\x00\xe8\xa6\xff\x00\xe5\x03S\xff\x00\xe4\
j\x00\xf9_\xfe\x1cc\xff\x00U\xb3\xff\x00-O\xfe\
\xed\xa3\xfe\x1cc\xff\x00U\xb3\xff\x00-O\xfe\xed\xaf\
\xaa?\xe1\xe8\xff\x00\xb3\x1f\xfd\x14\xdf\xfc\xa0j\x7f\xfc\
\x8dG\xfc=\x1f\xf6c\xff\x00\xa2\x9b\xff\x00\x94\x0dO\
\xff\x00\x91\xa8\x03\xe5\x7f\xf8q\x8f\xfdV\xcf\xfc\xb5?\
\xfb\xb6\x8f\xf8q\x8f\xfdV\xcf\xfc\xb5?\xfb\xb6\xbe\xa8\
\xff\x00\x87\xa3\xfe\xcc\x7f\xf4S\x7f\xf2\x81\xa9\xff\x00\xf2\
5\x1f\xf0\xf4\x7f\xd9\x8f\xfe\x8ao\xfeP5?\xfeF\
\xa0\x07~\xc3\x1f\xb0\xc7\xfc1w\xfc&\xdf\xf1[\x7f\
\xc2c\xff\x00\x09/\xd8\x7f\xe6\x13\xf6\x1f\xb3}\x9f\xed\
\x1f\xf4\xde]\xfb\xbe\xd1\xed\x8d\xbd\xf3\xc7\xaa~\xd4_\
\x02\xff\x00\xe1\xa4\xfe\x05\xf8\x9f\xe1\xcf\xf6\xdf\xfc#\x9f\
\xdb_f\xff\x00\x89\x9f\xd9>\xd5\xe4\xf970\xcf\xfe\
\xabzn\xcf\x93\xb7\xef\x0cn\xcf8\xc1\xf2\x9f\xf8z\
?\xec\xc7\xff\x00E7\xff\x00(\x1a\x9f\xff\x00#W\
U\xf0\xc3\xf6\xf8\xf8\x13\xf1\x9b\xc7:g\x83\xbc\x1d\xe3\
\xaf\xed\x8f\x11\xea^o\xd9,\xbf\xb2/\xe0\xf3|\xb8\
\x9eW\xf9\xe5\x81Pa#s\xc9\x19\xc6\x06I\x02\x80\
>-\xff\x00\x87\x18\xff\x00\xd5l\xff\x00\xcbS\xff\x00\
\xbbk\xf5C\x1c\x9f\xa1\xa7\x86\xcd6\x80>\x02\xfd\xa8\
\xbf\xe0\x95\x1f\xf0\xd2\x9f\x1d<M\xf1\x1f\xfe\x16\x87\xfc\
#\x9f\xdb_f\xff\x00\x89g\xfc#\xff\x00j\xf2|\
\xabX\xa0\xff\x00[\xf6\xa4\xdd\x9f+w\xdd\x18\xdd\x8e\
q\x93\xe5x\x1f\xf0F\x05\xea~0\x9f\x89\x1d\xb1\xfd\
\x87\xfd\x9d\xfd\x9f\xff\x00\x81>o\x99\xf6\xff\x00\xf66\
\xf9_\xc5\xbb\x8f\xb4\xfe)~\xde\x7f\x02\xbe\x0bx\xeb\
R\xf0o\x8c\xfcq\xfd\x8d\xe2M;\xca\xfbU\x97\xf6\
E\xfc\xfe_\x99\x12J\x9f<P2\x1c\xa4\x8axc\
\x8c\xe0\xf2\x08\xaf\x8b?n_\xf8\xd98\xf0W\xfc3\
\x8f\xfc\x5c_\xf8C>\xdb\xfd\xbd\xff\x000\xbf\xb1\xfd\
\xb3\xec\xff\x00f\xff\x00\x8f\xef#\xcc\xdf\xf6K\x8f\xf5\
{\xb6\xec\xf9\xb1\xb9r\x01\xe5?\xb5\x1f\xfc\x15k\xfe\
\x1aO\xe0O\x89\xbe\x1b\xff\x00\xc2\xae\xff\x00\x84w\xfb\
k\xec\xbf\xf13\xff\x00\x84\x83\xed^O\x93u\x14\xff\
\x00\xea\xbe\xca\x9b\xb3\xe5m\xfb\xc3\x1b\xb3\xce0~\x01\
\xaf\xa0>(\xfe\xc1?\x1d\xfe\x0cx\x17S\xf1\x97\x8c\
|\x0b\xfd\x8f\xe1\xbd3\xcb7w\xa3W\xb0\x9f\xcb\xf3\
%H\x93\xe4\x8avs\x97\x91\x07\x0aq\x9c\x9c\x00M\
|\xff\x00@\x1f\xd52\x01\xb1~\x95\xf8\x0d\xff\x00\x05\
A\xff\x00\x93\xec\xf8\x99\xf4\xd3?\xf4\xd9i_\xa9\xc3\
\xfe\x0a\x89\xfb1\x00?\xe2\xe6\x7f\xe5\x0bT\xff\x00\xe4\
j\xf8\x13\xf6\xa0\xfd\x97~'\xfe\xd9\xff\x00\x1d\xbcM\
\xf1\x97\xe0\xd7\x86?\xe11\xf8m\xe2_\xb2\xff\x00e\
k_\xda\x16\xb6?i\xfb=\xac6\xb3~\xe6\xeaX\
\xa6M\xb3[\xca\x9f:\x0c\xed\xc8\xca\x90H\x07\x96\xfe\
\xc3_\xb7/\xfc1\x7f\xfc&\xdf\xf1D\xff\x00\xc2c\
\xff\x00\x09'\xd8\xbf\xe6-\xf6\x1f\xb3}\x9f\xed\x1f\xf4\
\xc2]\xfb\xbe\xd1\xed\x8d\xbd\xf3\xc7\xa9\xfe\xd4\x7f\xf0U\
\x7f\xf8iO\x81>&\xf8q\xff\x00\x0a\xbf\xfe\x11\xcf\
\xed\xaf\xb2\xff\x00\xc4\xcf\xfe\x12\x0f\xb5y>M\xd4S\
\xff\x00\xaa\xfb*n\xcf\x95\xb7\xef\x0cn\xcf8\xc1\xf2\
\xcf\xf8u\xef\xed9\xff\x00D\xc7\xff\x00+\xfa_\xff\
\x00$\xd7+\xf1G\xf6\x0d\xf8\xed\xf0c\xc0\x9a\x9f\x8c\
\xbcc\xe0C\xa3\xf8oM\xf2\xfe\xd7z5{\x09\xfc\
\xbf2T\x89>H\xa7g9y\x10p\xa7\x19\xc9\xc0\
\x04\xd0\x07\xcfg\x8a\xfdR\xff\x00\x87\xe6\x7f\xd5\x13\xff\
\x00\xcb\xaf\xff\x00\xb8\xab\xf2\xb4\x9c\x9a\xfa\xab\xfe\x1du\
\xfbM\x7f\xd14\xff\x00\xca\xfe\x97\xff\x00\xc94\x01\xe5\
\x7f\xb5\x17\xc7_\xf8iO\x8e\x9e%\xf8\x8d\xfd\x89\xff\
\x00\x08\xe7\xf6\xcf\xd9\xbf\xe2[\xf6\xbf\xb5y>M\xac\
P\x7f\xac\xd8\x9b\xb3\xe5n\xfb\xa3\x1b\xb1\xce2}S\
\xf6\x18\xfd\xb9\xff\x00\xe1\x8b\xbf\xe16\xff\x00\x8a'\xfe\
\x13\x1f\xf8I~\xc3\xff\x001o\xb0\xfd\x9b\xec\xff\x00\
h\xff\x00\xa6\x12\xef\xdd\xf6\x8flm\xef\x9e<\x07\xe2\
\x97\xc2\xdf\x13\xfc\x16\xf1\xd6\xa7\xe0\xdf\x19i\x7f\xd8\xde\
#\xd3|\xa3ue\xf6\x88\xa7\xf2\xfc\xc8\x92T\xf9\xe2\
fC\x94u<1\xc6py\x04W'@\x1f\x7f\xfe\
\xd4\x7f\xf0U\xbf\xf8iO\x81>&\xf8q\xff\x00\x0a\
\xbb\xfe\x11\xcf\xed\xaf\xb2\xff\x00\xc4\xcf\xfe\x12\x1f\xb5y\
>M\xd4S\xff\x00\xaa\xfb*n\xcf\x95\xb7\xef\x0cn\
\xcf8\xc1\xf8\x02\xba\x9f\x86\x1f\x0c<M\xf1\x9b\xc7:\
g\x83\xbc\x1d\xa6\x7flx\x8fR\xf3~\xc9e\xf6\x88\
\xa0\xf3|\xb8\x9eW\xf9\xe5eA\x84\x8d\xcf$g\x18\
\x19$\x0a\xfa\x07\xfe\x1du\xfbM\xff\x00\xd12?\xf8\
>\xd3?\xf9&\x80>\xaa\xff\x00\x87\xe7\x7f\xd5\x13\xff\
\x00\xcb\xaf\xff\x00\xb8\xab\xe0\x0f\xda\x8f\xe3\xa7\xfc4\xa7\
\xc7o\x13|G\xfe\xc4\xff\x00\x84s\xfbk\xec\xbf\xf1\
,\xfb_\xda\xbc\x9f&\xd6(?\xd6\xecM\xd9\xf2\xb7\
}\xd1\x8d\xd8\xe7\x19>UE\x00}S\xfb\x0c~\xdc\
\xdf\xf0\xc5\xc7\xc6\xdf\xf1D\xff\x00\xc2c\xff\x00\x09'\
\xd8\xbf\xe6-\xf6\x1f\xb3}\x9f\xed\x1f\xf4\xc2]\xfb\xbe\
\xd1\xed\x8d\xbd\xf3\xc7\xd5_\xf0\xdc\xdf\xf0\xf2\x83\xff\x00\
\x0c\xe3\xff\x00\x08O\xfc+\xaf\xf8M?\xe6e\xfe\xd6\
\xfe\xd4\xfb\x1f\xd9?\xd3\xff\x00\xe3\xdb\xc8\x83\xcc\xdf\xf6\
O/\xfdb\xed\xf37s\xb7i\xf8\x07\xe0_\xec\xb9\
\xf1?\xf6\x94\xfe\xdb\xff\x00\x85q\xe1\x9f\xf8H\xff\x00\
\xb1|\x8f\xb7\xff\x00\xa7\xda\xda\xf9>w\x99\xe5\x7f\xaf\
\x957g\xca\x93\xee\xe7\x1by\xc6F~\xaa\xfd\x96\xff\
\x00e\xaf\x89\xff\x00\xb1\x7f\xc7o\x0c\xfcd\xf8\xc9\xe1\
\x9f\xf8C\xbe\x1b\xf8k\xed_\xda\xba\xd9\xd4-o\xbe\
\xcd\xf6\x8bY\xada\xfd\xcd\xb4\xb2\xcc\xfb\xa6\x9e$\xf9\
\x10\xe3vN\x00$\x00z\xaf\xfc8\xc7\xfe\xabg\xfe\
Z\x9f\xfd\xdbI\xff\x00\x0f\xcc\xc7\xfc\xd1O\xfc\xba\xbf\
\xfb\x8a\xbe\xab\xff\x00\x87\xa3\xfe\xcc_\xf4S\x7f\xf2\x81\
\xaa\x7f\xf25~U\xff\x00\xc3\xae\xbfi\xaf\xfa&\x9f\
\xf9_\xd2\xff\x00\xf9&\x80>\xa9\xff\x00\x86\x1b_\xf8\
)#\x9f\xda4\xf8\xdc|:\xff\x00\x84\xd3\xfee\xaf\
\xec\xaf\xedO\xb1\xfd\x93\xfd\x07\xfe>|\xf8|\xcd\xff\
\x00e\xf3?\xd5\xae\xdd\xfby\xdb\xb8\xfdY\xfb\x0c\xfe\
\xc3\x83\xf61\xff\x00\x84\xdb\x1e6\xff\x00\x84\xc7\xfe\x12\
O\xb0\xff\x00\xcc+\xec?f\xfb?\xda?\xe9\xb4\xbb\
\xf7y\xfe\xd8\xdb\xdf<y7\xec\xbb\xfbM\xfc3\xfd\
\x8b\xbe\x05xk\xe0\xff\x00\xc6_\x12\x0f\x07|F\xf0\
\xe7\xda\x7f\xb54cas}\xf6\x7f\xb4]Ku\x0f\
\xef\xadb\x96'\xdd\x0c\xf1?\xca\xe7\x1b\xb0p\xc0\x81\
\xf5O\xc0\xaf\xda\x87\xe1\x8f\xed$u\xcf\xf8W\x1e&\
\x1e\x22\xfe\xc5\xf2>\xdf\x8b\x0b\xab_'\xce\xf3<\xaf\
\xf5\xf1&\xec\xf9R}\xdc\xe3o8\xc8\xc8\x07\x96\xff\
\x00\xc1Q\x7f\xe4\xc5~&\xff\x00\xdc3\xff\x00N\x96\
\x95\xf8\x08:W\xef\xd7\xfc\x15\x13\xfeLW\xe2o\xfd\
\xc3?\xf4\xe9i_\x80\xa3\xa5\x00\x7fT\x8b\xd0}+\
\xe0/\xda\x8b\xfe\x09I\xff\x00\x0d'\xf1\xd3\xc4\xbf\x11\
\xbf\xe1h\xff\x00\xc2;\xfd\xb3\xf6o\xf8\x96\xff\x00\xc2\
=\xf6\xaf'\xc9\xb5\x8a\x0f\xf5\x9fjM\xd9\xf2\xb7}\
\xd1\x8d\xd8\xe7\x19?~\xafA\xf4\xa7P\x07\xe5_\xfc\
8\xc7\xfe\xabg\xfeZ\x9f\xfd\xdbG\xfc8\xc7\xfe\xab\
g\xfeZ\x9f\xfd\xdb_\x7f\xfcs\xfd\xa8\xbe\x18\xfe\xcd\
cD?\x11\xfcM\xff\x00\x08\xe8\xd6|\xf1`\x7f\xb3\
\xee\xae\xbc\xef'\xcb\xf3?\xd4D\xfbq\xe6\xc7\xf7\xb1\
\x9c\xf1\x9c\x1cyW\xfc=\x1f\xf6b\xff\x00\xa2\x9b\xff\
\x00\x94\x0dS\xff\x00\x91\xa8\x03\xe5_\xf8q\x8f\xfdV\
\xcf\xfc\xb5?\xfb\xb6\x8f\xf8q\x8f\xfdV\xcf\xfc\xb5?\
\xfb\xb6\xbe\xaa\xff\x00\x87\xa3\xfe\xcc_\xf4S\x7f\xf2\x81\
\xaa\x7f\xf25}U@\x1f\x95\x7f\xf0\xe3\x1f\xfa\xad\x9f\
\xf9j\x7f\xf7m\x1f\xf0\xe3\x1f\xfa\xad\x9f\xf9j\x7f\xf7\
m~\xaaQ@\x1f\x95\x7f\xf0\xe3\x1f\xfa\xad\x9f\xf9j\
\x7f\xf7m\x1f\xf0\xe3\x1f\xfa\xad\x9f\xf9j\x7f\xf7m~\
\x95|Q\xf8\xa3\xe1\x8f\x83\x1e\x05\xd4\xfce\xe3\x1dO\
\xfb\x1f\xc3zg\x95\xf6\xbb\xd1o,\xfe_\x99*D\
\x9f$J\xcer\xf2 \xe1N3\x93\x80\x09\xaf\x9f\xff\
\x00\xe1\xe8\xff\x00\xb3\x17\xfd\x14\xdf\xfc\xa0j\x9f\xfc\x8d\
@\x1fUQE\x14\x00QE\x14\x00QE\x14\x00Q\
E|\xa7\xff\x00\x05G\xff\x00\x93\x15\xf8\x9b\xff\x00p\
\xcf\xfd9\xdaP\x07\xd5\x95\xfc\xab\xd1E\x00\x14W\xef\
\xe7\xfc\x12\xeb\xfeL[\xe1\x9f\xfd\xc4\xff\x00\xf4\xe9w\
_VP\x07\xf2\xafE\x7fU\x14P\x07\xf2\xafE\x7f\
U\x14P\x07\xf2\xaf_U\xff\x00\xc1.\xbf\xe4\xfa~\
\x18\xff\x00\xdcO\xff\x00M\x97u\xfb\xfbE\x00\x14Q\
_\xca\xcd\x00}W\xff\x00\x05H\xff\x00\x93\xe6\xf8\x97\
\xff\x00p\xcf\xfd6ZW\xd4\xff\x00\xf0C\x1f\xf9\xad\
\x9f\xf7\x04\xff\x00\xdb\xfa\xfa\xa7\xfe\x09s\xff\x00&'\
\xf0\xcf\xfe\xe2\x7f\xfas\xbb\xaf\xaa\x87J\x00\xf9W\xfe\
\x0a\x8b\xff\x00&-\xf1;\xfe\xe1\x9f\xfas\xb4\xaf\xc0\
*\xfd\xfd\xff\x00\x82\xa2\xff\x00\xc9\x8b|N\xff\x00\xb8\
g\xfe\x9c\xed+\xf0\x0a\x80\x0a\xfd\xfe\xff\x00\x82\x5c\x7f\
\xc9\x89\xfc2\xff\x00\xb8\x9f\xfe\x9d.\xeb\xf0\x06\xbf\x7f\
\xbf\xe0\x97\x1f\xf2b\x7f\x0c\xbf\xee'\xff\x00\xa7K\xba\
\x00\xfa\xaa\xbeT\xff\x00\x82\xa2\xff\x00\xc9\x8b|N\xff\
\x00\xb8g\xfe\x9c\xed+\xea\xba(\x03\xf9W\xaf\xea\x96\
\x9f_\xca\xb9\xeb@\x1fV\xff\x00\xc1R?\xe4\xf9\xfe\
%\xff\x00\xdc3\xff\x00M\x96\x95\xf2\x95\x15\xfa\xab\xff\
\x00\x044\xff\x00\x9a\xd9\xff\x00p?\xfd\xbf\xa0\x0f\x95\
\x7f\xe0\x97_\xf2}?\x0c\xbf\xee'\xff\x00\xa6\xcb\xba\
\xfd\xfd\xaf\x94\xff\x00\xe0\xa8\xbf\xf2b\x9f\x13?\xee\x1b\
\xff\x00\xa7KJ\xfc\x03\xa0\x02\x8a(\xa0\x0f\xd5O\xf8\
!\x8f\xfc\xd6\xcf\xfb\x82\x7f\xed\xfd}U\xff\x00\x05G\
\xff\x00\x93\x13\xf8\x9b\xff\x00p\xcf\xfd:ZW\xca\xbf\
\xf0C\x1f\xf9\xad\x9f\xf7\x04\xff\x00\xdb\xfa\xfdT\xa0\x0f\
\xe5^\xbf\xaaZ}\x14\x01\xf8\x01\xff\x00\x05F\xff\x00\
\x93\xeb\xf8\x99\xff\x00p\xcf\xfd6ZW\xd5?\xf0C\
?\xf9\xad\x9f\xf7\x04\xff\x00\xdb\xfa\xfdU=+\xf2\xb3\
\xfe\x0b\x9b\xff\x004O\xfe\xe3\x7f\xfba@\x1fT\x7f\
\xc1Q?\xe4\xc5~&\xff\x00\xdc/\xff\x00N\x96\x95\
\xf8\x0a:W\xd5\x1f\xf0K\xaf\xf9>\xcf\x86\x7f\xf7\x13\
\xff\x00\xd3]\xdd~\xfd\xd0\x02\xafo\xa5:\x99_\x80\
\xdf\xf0To\xf9>\x7f\x89_\xf7\x0d\xff\x00\xd3]\xa5\
\x00}Q\xff\x00\x05\xce\xff\x00\x9a'\xff\x00q\xbf\xfd\
\xb0\xaf\xca\xba(\xa0\x02\xbf\xaa\x8a\xfeU\xe8\xa0\x0f\xea\
\xa2\x8a\xf9S\xfe\x09s\xff\x00&'\xf0\xcf\xfe\xe2\x7f\
\xfas\xbb\xaf\xaa\x87J\x00\xf9W\xfe\x0a\x8b\xff\x00&\
-\xf17\xfe\xe1\x9f\xfas\xb4\xaf\xc0*\xfd\xfd\xff\x00\
\x82\xa2\xff\x00\xc9\x8b|M\xff\x00\xb8g\xfe\x9c\xed+\
\xf0\x0a\x80?\xaa\x8a(\xa2\x80\x0a(\xa2\x80\x0a(\xa2\
\x80\x0a\xe4\xbe)|-\xf0\xc7\xc6\x8f\x04j^\x0f\xf1\
\x96\x99\xfd\xb1\xe1\xcdG\xca\xfbU\x97\xda%\x83\xcc\xf2\
\xe5IS\xe7\x89\x95\xc6\x1e4<0\xce0r\x09\x15\
\xd6\xd7\x94\xfe\xd4\x7f\x1c\x87\xec\xd9\xf0+\xc4\xdf\x11\xce\
\x89\xff\x00\x09\x10\xd1~\xcb\x9d7\xed_e\xf3\xbc\xeb\
\xa8\xa0\xff\x00Y\xb1\xf6\xe3\xcd\xdd\xf7Nv\xe3\x8c\xe4\
\x00y_\xfc:\xef\xf6b\xff\x00\xa2e\xff\x00\x95\xed\
S\xff\x00\x92k\xf0\x15\x983\x12\xab\x80{z{W\
\xea\x87\xfc?;\xfe\xa8\x9f\xfe]\x7f\xfd\xc5A\xff\x00\
\x82\x1ac\xfek_\xaf\xfc\xca\x9e\xdf\xf5\xfb@\x1f\x16\
|1\xfd\xbc~9\xfc\x18\xf0F\x99\xe0\xff\x00\x06x\
\xe3\xfb\x17\xc3\x9ap\x93\xec\xb6CH\xb1\x9f\xcb\xf3$\
i_\xe7\x96\x06s\x97\x91\xcf,q\x9c\x0e\x00\x15\xfa\
Q\xff\x00\x04\xa5\xfd\xa8\xbe'~\xd2g\xe2\x8f\xfc,\
\x7f\x13\x7f\xc2G\xfd\x8b\xfd\x97\xf6\x0f\xf4\x0b[_'\
\xce\xfb_\x99\xfe\xa24\xdd\x9f*?\xbd\x9cm\xe3\x19\
9\xfc\xae\xfd\xa8\xfe\x05\x9f\xd9\xb3\xe3\x9f\x89>\x1c\x9d\
k\xfe\x12/\xecam\xff\x00\x13?\xb2}\x97\xce\xf3\
\xadb\x9f\xfd^\xf7\xdb\x8f7o\xde9\xdb\x9e3\x81\
\xf7\xe7\xfc\x10\xcf\xaf\xc6\xbf\xfb\x82\x7f\xed\xfd\x00}\xa9\
\xfb{|P\xf17\xc1\x8f\xd9;\xc7>2\xf0v\xa4\
4\x7f\x12i\x9f`6\x97\xa6\xde)\xfc\xbf2\xfe\xde\
'\xf9%VC\x94\x91\xc7*q\x9c\x8c\x10\x0d~@\
\xff\x00\xc3\xd1\xff\x00i\xdf\xfa)\xbf\xf9@\xd2\xff\x00\
\xf9\x1a\xbfj\x7fj?\x81\x7f\xf0\xd2\x9f\x02|M\xf0\
\xe3\xfbo\xfe\x11\xcf\xed\xaf\xb2\xff\x00\xc4\xcf\xec\x9fj\
\xf2|\x9b\xa8\xa7\xff\x00U\xbd7g\xca\xdb\xf7\x867\
g\x9c`\xfc\x01\xff\x00\x0e1\xff\x00\xaa\xd9\xff\x00\x96\
\xa7\xff\x00v\xd0\x07\xea\xa5~?\xfe\xde\x9f\xb7\xa7\xc7\
_\x82\xbf\xb5\x87\x8e\xbc\x19\xe0\xcf\x1d\x1d\x1f\xc3zo\
\xd8~\xc9dt\x9b\x19\xfc\xbf2\xc6\xdeW\xf9\xe5\x81\
\x9c\xe5\xe4s\xcb\x1cg\x03\x00\x01]_\xfc?)\xbf\
\xe8\x8a\x0f\xfc*\x8f\xff\x00!R\x9f\xd8_\xfe\x1eO\
\xff\x00\x19\x1d\xff\x00\x09\xb7\xfc+\xaf\xf8M?\xe6Z\
\xfe\xc9\xfe\xd4\xfb\x1f\xd8\xff\x00\xd0?\xe3\xe7\xcf\x83\xcc\
\xdf\xf6O3\xfdZ\xed\xdf\xb7\x9d\xbb\x88\x07\xaa\xff\x00\
\xc1)?j?\x89\xff\x00\xb4\xa7\xfc-\x1f\xf8X\xfe\
&\xff\x00\x84\x8f\xfb\x17\xfb/\xec\x1f\xe8\x16\xb6\xbeO\
\x9d\xf6\xbf7\xfdDI\xbb>T\x7f{8\xdb\xc62\
s\xf7\xfd|\xab\xfb\x0c~\xc3\x1f\xf0\xc5\xdf\xf0\x9b\x7f\
\xc5m\xff\x00\x09\x8f\xfc$\xbfa\xff\x00\x98O\xd8~\
\xcd\xf6\x7f\xb4\x7f\xd3yw\xee\xfbG\xb66\xf7\xcf\x1f\
UP\x01_\xca\xcfq_\xd55\x7f+=\xc5\x00~\
\xfd\xff\x00\xc1.\x7f\xe4\xc4\xfe\x19\xff\x00\xdcO\xff\x00\
Nwu\xf5P\xe9_*\xff\x00\xc1.\x7f\xe4\xc4\xfe\
\x19\xff\x00\xdcO\xff\x00Nwt\xef\xdb\x97\xf6\xe6\x1f\
\xb1rx(\x9f\x05\x1f\x18\x1f\x12\x1b\xde?\xb5~\xc3\
\xf6\x7f\xb3\xf9\x1f\xf4\xc6]\xdb\xbe\xd1\xed\x8d\xbd\xf3\xc0\
\x07\xbe\xfcQ\xf8[\xe1\x8f\x8d>\x05\xd5|\x1b\xe3-\
3\xfbc\xc3z\x91\x8b\xedv_h\x96\x0f3\xcb\x91\
%O\x9e&W\x18x\xd0\xf0\xc38\xc1\xe0\x91^\x03\
\xff\x00\x0e\xb8\xfd\x98\xbf\xe8\x99\x7f\xe5\x7fT\xff\x00\xe4\
\x9a\xf2\x8f\xd9{\xfe\x0a\xb6\x7fi\x1f\x8e\x9e\x1b\xf8t\
>\x16\xff\x00\xc2=\xfd\xb4n\x7f\xe2e\xff\x00\x09\x07\
\xda\xbc\x9f&\xd6Y\xff\x00\xd5\xfd\x957g\xca\xdb\xf7\
\x867g\x9cb\xbf@\x05\x00\x7f+\xaf\x97l\x00\xab\
\x8c\xfc\xbe\x95\xfb\xf3\xff\x00\x04\xb8\xff\x00\x93\x13\xf8e\
\xff\x00q?\xfd:]\xd7\xca\xbf\xf0\xe3.s\xff\x00\
\x0b\xb3\x9f\xfb\x15?\xfb\xb6\x83\xfbs\x7f\xc3\xb5\x80\xfd\
\x9c\x7f\xe1\x09\xff\x00\x85\x8b\xff\x00\x08g?\xf0\x92\xff\
\x00k\x7fe\xfd\xb3\xed\x9f\xe9\xdf\xf1\xed\xe4O\xe5\xec\
\xfbW\x97\xfe\xb1\xb7l\xdd\xc6\xed\xa0\x03\xf5R\x8a\xfc\
\xab\xff\x00\x87\xe7\x7f\xd5\x13\xff\x00\xcb\xaf\xff\x00\xb8\xa8\
\xff\x00\x87\xe7\x7f\xd5\x13\xff\x00\xcb\xaf\xff\x00\xb8\xa8\x03\
\xf5R\xbf\x95s\xd6\xbfU?\xe1\xf9\xdf\xf5D\xff\x00\
\xf2\xeb\xff\x00\xee*\xfc\xab\xa0\x02\xbfU\x7f\xe0\x86\xbf\
\xf3[?\xee\x07\xff\x00\xb7\xf5\xf9U_\xaa\x9f\xf0C\
C\xff\x00%\xb3\xfe\xe0\x7f\xfb\x7f@\x1fT\x7f\xc1Q\
\x7f\xe4\xc5>&\x7f\xdc7\xff\x00N\x96\x95\xf8\x07_\
\xbf\x9f\xf0T_\xf91O\x89\x9f\xf7\x0d\xff\x00\xd3\xa5\
\xa5~\x01\xd0\x01_\xaf\xdf\xb0W\xec\x15\xf0'\xe3O\
\xec\x9d\xe0o\x19x\xcb\xc0\xdf\xdb>$\xd4\xbe\xdd\xf6\
\xbb\xdf\xed{\xf8<\xcf.\xfe\xe2$\xf9\x22\x9dPa\
#A\xc2\x8c\xe3'\x92M~@\xd7\xdf\xff\x00\xb2\xe7\
\xfc\x15o\xfe\x19\xaf\xe0O\x86~\x1c\x7f\xc2\xae\xff\x00\
\x84\x8f\xfb\x17\xed_\xf13\xff\x00\x84\x87\xec\xbew\x9d\
u,\xff\x00\xea\xbe\xca\xfbq\xe6\xed\xfb\xc7;s\xc6\
p\x00?U>\x05\xfe\xcb\x9f\x0c?f\xbf\xed\xbf\xf8\
W\x1e\x19\xff\x00\x84s\xfbk\xc8\xfb\x7f\xfa}\xd5\xd7\
\x9d\xe4\xf9\x9eW\xfa\xf9_n<\xd9>\xee3\xbb\x9c\
\xe0c\xd5k\xf2\xaf\xfe\x1f\x9d\xff\x00TO\xff\x00.\
\xbf\xfe\xe2\xafT\xfd\x97\xbf\xe0\xab\x87\xf6\x92\xf8\xe7\xe1\
\xaf\x87#\xe1o\xfc#\xc7Y\xfbO\xfcL\xbf\xe1!\
\xfbW\x93\xe5[K?\xfa\xbf\xb2\xa6\xec\xf9[~\xf0\
\xc6\xec\xf3\x8cP\x07\xe8\x05~\x02\xff\x00\xc3\xd1\xbfi\
\x9f\xfa)\x9f\xf9@\xd2\xff\x00\xf9\x1e\xbf~GJ\xfc\
\xac\xff\x00\x87\x18\xff\x00\xd5l\xff\x00\xcbS\xff\x00\xbb\
h\x03\xe5\x9f\xf8z7\xed3\xff\x00E3\xff\x00(\
\x1a_\xff\x00#\xd7\x94\xfcu\xfd\xa8\xbe&\xfe\xd2\x7f\
\xd8\x7f\xf0\xb1\xbcM\xff\x00\x09\x17\xf6/\x9f\xf6\x0f\xf8\
\x97\xda\xda\xf9>w\x97\xe6\x7f\xa8\x8d7g\xca\x8f\xef\
g\x1bx\xc6Nc\xfd\xa8\xbe\x06\x7f\xc36|t\xf1\
/\xc3\x9f\xed\xbf\xf8H\xff\x00\xb1\xbe\xcd\xff\x00\x13?\
\xb2}\x97\xce\xf3\xad\xa2\x9f\xfd^\xf7\xdb\x8f7o\xde\
9\xdb\x9e3\x81\xe5\xb4\x01\xd5|.\xf8\xa3\xe2o\x83\
\x1e8\xd3|a\xe0\xedK\xfb\x1f\xc4zw\x99\xf6[\
\xef\x22)\xcc~do\x13\xfc\x92\xab!\xcaH\xc3\x95\
8\xceF\x08\x06\xbd\xfb\xfe\x1e\x85\xfbN\xff\x00\xd1M\
\xff\x00\xca\x06\x99\xff\x00\xc8\xd5\xe5\x7f\xb2\xf7\xc0\xdf\xf8\
i\x1f\x8e~\x1b\xf8r5\xaf\xf8GN\xb2.\xbf\xe2\
e\xf6O\xb5y>M\xac\xb3\xff\x00\xaa\xde\x9b\xb3\xe5\
m\xfb\xc3\x1b\xb3\xce0~\xfd\xff\x00\x87\x1a\xe4\xff\x00\
\xc9l?\xf8J\x7f\xf7m\x00~\xa8.\x14\x05%\x9c\
\x91\xf7\xbdk\xf0#\xfe\x0a\x8d\xff\x00'\xcf\xf1+\xfe\
\xe1\xbf\xfak\xb4\xaf\xdf\x88\xd4\xaa\x0c\x8e{\xe2\xbf\x01\
\xff\x00\xe0\xa8\xdf\xf2|\xff\x00\x12\xbf\xee\x1b\xff\x00\xa6\
\xbbJ\x00\xf5?\xf8%'\xec\xb9\xf0\xc3\xf6\x94\xff\x00\
\x85\xa3\xff\x00\x0b\x1f\xc3?\xf0\x91\xff\x00b\xff\x00e\
\xfd\x83\xfd>\xea\xd7\xc9\xf3\xbe\xd7\xe6\xff\x00\xa8\x957\
g\xca\x8f\xefg\x1bx\xc6N~\x82\xfd\xbb\xbf`\xdf\
\x81\x7f\x05?eo\x1b\xf8\xc7\xc1~\x07\xfe\xc6\xf1&\
\x9d\xf6\x11k{\xfd\xaf}?\x97\xe6_\xdbD\xff\x00\
$\xb3\xb2\x1c\xa4\x8e9S\x8c\xe4r\x01\xaf\x8a?a\
\x8f\xdb\x9f\xfe\x18\xbb\xfe\x13o\xf8\xa2\x7f\xe11\xff\x00\
\x84\x97\xec?\xf3\x16\xfb\x0f\xd9\xbe\xcf\xf6\x8f\xfaa.\
\xfd\xdfh\xf6\xc6\xde\xf9\xe3\xd5\x7fj\x1f\xf8*\xdf\xfc\
4\x97\xc0\xef\x12\xfc:\xff\x00\x85]\xff\x00\x08\xef\xf6\
\xcf\xd9\x7f\xe2e\xff\x00\x09\x0f\xda\xbc\x9f&\xea\x1b\x8f\
\xf5\x7feM\xd9\xf2v\xfd\xe1\x8d\xd9\xe7\x18 \x1f\x00\
\xb7\xde?ZJ\x09\xc9'\xd6\x8a\x00\xfa\x03\xe1\x87\xed\
\xe1\xf1\xcf\xe0\xd7\x81\xf4\xdf\x07\xf8?\xc7\x1f\xd9\x1e\x1d\
\xd3\xbc\xcf\xb2\xd9\x1d\x22\xc2\x7f/\xcc\x91\xa5\x7f\x9eX\
\x19\xce]\xd8\xf2N3\x81\x80\x00\xae\xab\xfe\x1e\x8d\xfb\
N\x8e\x9f\x13\x7f\xf2\x81\xa6\x7f\xf25z\xb7\xec\xb9\xff\
\x00\x04\xa6\xff\x00\x86\x94\xf8\x15\xe1\x9f\x88\xff\x00\xf0\xb4\
\x7f\xe1\x1c\xfe\xda\xfbW\xfcK?\xe1\x1f\xfbW\x93\xe4\
\xddK\x07\xfa\xdf\xb5&\xec\xf9[\xbe\xe8\xc6\xecs\x8c\
\x9fU\xff\x00\x87\x19\x7f\xd5k\xff\x00\xcbS\xff\x00\xbb\
h\x03\xe2\xaf\x8a?\xb7\xaf\xc7_\x8d\x1e\x04\xd4\xfc\x1b\
\xe3/\x1c\xff\x00l\xf8sR\xf2\xbe\xd5g\xfd\x91c\
\x07\x99\xe5\xca\x92\xa7\xcf\x14\x0a\xe3\x0f\x1a\x1e\x08\xce0\
x$\x1f\x9f\xeb\xf4\x03\xf6\xa2\xff\x00\x82R\xff\x00\xc3\
6|\x0b\xf1/\xc4o\xf8Z\x1f\xf0\x91\xff\x00c}\
\x97\xfe%\x9f\xf0\x8f\xfd\x97\xce\xf3\xae\xa2\x83\xfdo\xda\
\x9fn<\xdd\xdft\xe7n8\xceG\xc04\x01\xfdS\
QE\x14\x00QE\x14\x00QE\x14\x00W\xca\xbf\xf0\
T\x7f\xf91?\x89\xbf\xf7\x0c\xff\x00\xd3\xa5\xa5}U\
_*\xff\x00\xc1Q\xff\x00\xe4\xc4\xfe&\xff\x00\xdc3\
\xff\x00N\x96\x94\x01\xf8\x03_\xbfm\xff\x00\x05F\xfd\
\x99\x08\xff\x00\x92\x99\xff\x00\x94\x0dO\xff\x00\x91\xab\xf0\
\x12\x8a\x00\xfb\xff\x00\xf6\xa2\xfd\x97>(~\xda\x1f\x1d\
<K\xf1\x8f\xe0\xe7\x86\x7f\xe11\xf8q\xe2Ak\xfd\
\x95\xad\x7fhZ\xd8\xfd\xa3\xec\xf6\xb1Z\xcd\xfb\x9b\x99\
b\x996\xcd\x04\xab\xf3\xa0\xce\xdc\x8c\xa9\x04\xfa\xaf\xec\
2\x0f\xfc\x13c\xfe\x13c\xfbG\x0f\xf8WC\xc6\x7f\
b\x1a\x09\xff\x00\x90\xa7\xdb>\xc9\xf6\x8f\xb4\xff\x00\xc7\
\x8f\x9f\xe5\xec\xfbT\x1f\xeb6\xee\xdf\xf2\xe7kc\xea\
\x9f\xf8%\xcf\xfc\x98\x9f\xc3/\xfb\x89\xff\x00\xe9\xd2\xee\
\xbeV\xff\x00\x82\xe7\x7f\xcd\x13\xff\x00\xb8\xdf\xfe\xd8P\
\x07\xda\x7f\x0c?o\x8f\x81\x1f\x19\xbcs\xa6x;\xc1\
\xde:\xfe\xd8\xf1\x1e\xa5\xe6\xfd\x92\xcb\xfb\x22\xfe\x0f7\
\xcb\x89\xe5\x7f\x9eX\x15\x06\x127<\x91\x9c`d\x90\
+\xdf\xb3\xde\xbf\x01\x7f\xe0\x97_\xf2}?\x0c\x7f\xee\
'\xff\x00\xa6\xcb\xba\xfd\xfd\xa0\x0f\xc0O\xf8v\x0f\xed\
6I\x0b\xf0\xcc\x9f\xae\xbd\xa6\x0f\xfd\xb9\xaf\xbf?e\
\xdf\xda\x9b\xe1\x87\xecc\xf0+\xc3?\x07>2x\x98\
\xf8;\xe2G\x86\xbe\xd5\xfd\xab\xa2\x1d>\xea\xfb\xec\xdf\
h\xba\x96\xea\x1f\xdf[E,/\xba\x19\xe2\x7f\x91\xce\
7`\xe0\x82\x07\xdf\xf5\xf8\x03\xff\x00\x05G\xff\x00\x93\
\xec\xf8\x9b\xff\x00p\xcf\xfd5\xdaP\x07\xea\xa7\xfc=\
\x1f\xf6b\xff\x00\xa2\x9b\xff\x00\x94\x0dS\xff\x00\x91\xab\
\xa9\xf8a\xfb||\x08\xf8\xcd\xe3\x9d3\xc1\xde\x0e\xf1\
\xd7\xf6\xc7\x88\xf5/7\xec\x96_\xd9\x17\xf0y\xbe\x5c\
O+\xfc\xf2\xc0\xa80\x91\xb9\xe4\x8c\xe3\x03$\x81_\
\xce\xc5}W\xff\x00\x04\xba\xff\x00\x93\xe9\xf8c\xff\x00\
q?\xfd6]\xd0\x07\xef\xd5~\x02/\xfc\x12\xf7\xf6\
\x9ag+\xff\x00\x0a\xd3\x1f]wL\xff\x00\xe4\x9a\xfd\
\xfe\xa4\xc7\xcd\x9a\x00\xf9\xff\x00\xf6\x0a\xf8_\xe2\x7f\x82\
\xff\x00\xb2g\x81|\x1d\xe3-3\xfb\x1f\xc4\x9ao\xdb\
\xbe\xd5dg\x8ao/\xcc\xbf\xb8\x95>x\xd9\x90\xe5\
$C\xc18\xce\x0e\x08\x22\xbe-\xff\x00\x82\xe5\xf0\x9f\
\x05\x7f\xee7\xff\x00\xb6\x15\xfa\xa7_\x95\xbf\xf0\x5c\xcf\
\xbb\xf0W\xfe\xe3\x7f\xfba@\x1f\x16~\xc1\x7f\x14<\
1\xf0c\xf6\xab\xf0G\x8c\xbcc\xa9\xff\x00c\xf8o\
M7\xa6\xee\xf7\xec\xf2\xcf\xe5\xf9\x967\x11'\xc9\x12\
\xb3\x9c\xbc\x888S\x8c\xe4\xf0\x09\xaf\xd7\xbf\xf8z?\
\xec\xc5\xff\x00E7\xff\x00(\x1a\xa7\xff\x00#W\xe0\
\x0eh\xa0\x0f\xdf\xef\xf8z?\xec\xc5\xff\x00E7\xff\
\x00(\x1a\xa7\xff\x00#W\xe4\x07\xed\xeb\xf1K\xc3\x1f\
\x1a\x7fk\x1f\x1c\xf8\xcb\xc1\xba\x9f\xf6\xcf\x86\xf5/\xb0\
\xfd\x92\xf7\xec\xf2\xc1\xe6yv\x16\xf1?\xc9*\xab\x8c\
<n9Q\x9cdpA\xaf\x00\xa2\x80\x0a\xea~\x18\
|0\xf17\xc6o\x1c\xe9\x9e\x0e\xf0v\x99\xfd\xb1\xe2\
=K\xcd\xfb%\x97\xda\x22\x83\xcd\xf2\xe2y_\xe7\x95\
\x95\x06\x127<\x91\x9c`d\x90+\x96\xaf\xaa\xff\x00\
\xe0\x97_\xf2}?\x0c\xbf\xee'\xff\x00\xa6\xcb\xba\x00\
?\xe1\xd7_\xb4\xdf\xfd\x13#\xff\x00\x83\xed3\xff\x00\
\x92h\xff\x00\x87]~\xd3\x7f\xf4L\x8f\xfe\x0f\xb4\xcf\
\xfeI\xaf\xdf\xda(\x03\xf0\x0b\xfe\x1du\xfbM\xff\x00\
\xd12?\xf8>\xd3?\xf9&\xbe\xa9\xfd\x86\x7f\xe3[\
_\xf0\x9b\x0f\xda4\x1f\x87\x7f\xf0\x9a}\x88\xe8?\xf3\
\x14\xfbg\xd8\xfe\xd1\xf6\x9f\xf8\xf1\xf3\xbc\xbd\x9fj\x83\
\xfdf\xdc\xef\xf9s\xb5\xb1\xfa\xa9_\x95_\xf0\x5c\xce\
\xbf\x05?\xee7\xff\x00\xb6\x14\x01\xea\xbf\xb5\x1f\xedE\
\xf0\xc7\xf6\xd1\xf8\x13\xe2o\x83_\x06\xbcM\xff\x00\x09\
\x8f\xc4\x9f\x12\xfd\x9b\xfb+D\xfb\x05\xd5\x8f\xda~\xcf\
u\x15\xdc\xdf\xbe\xba\x8a(Sl6\xf2\xbf\xce\xe3;\
p2\xc4\x03\xf0\x0f\xfc:\xe3\xf6\x9d\xff\x00\xa2e\xff\
\x00\x95\xfd/\xff\x00\x92h\xff\x00\x82\x5c\x7f\xc9\xf6|\
2\xff\x00\xb8\x9f\xfe\x9a\xee\xeb\xf7\xfa\x80?\x00\x7f\xe1\
\xd7\x1f\xb4\xef\xfd\x13/\xfc\xaf\xe9\x7f\xfc\x93G\xfc:\
\xe3\xf6\x9d\xff\x00\xa2e\xff\x00\x95\xfd/\xff\x00\x92k\
\xf7\xfa\x8a\x00\xfek>:~\xcb\x9f\x13\xff\x00f\xbf\
\xecO\xf8X\xfe\x19\xff\x00\x84s\xfbk\xcf\xfb\x07\xfa\
}\xad\xd7\x9d\xe4\xf9~o\xfa\x89_n<\xd8\xfe\xf6\
3\xbb\x8c\xe0\xe3\xac\xfd\x82~(\xf8c\xe0\xc7\xed]\
\xe0\x8f\x18\xf8\xcbS\xfe\xc7\xf0\xde\x9b\xf6\xe3u{\xe4\
K?\x97\xe6X\xdcD\x9f$J\xcer\xf2 \xe1N\
3\x93\xc0&\xbe\xd3\xff\x00\x82\xe7\x7f\xcd\x13\xff\x00\xb8\
\xdf\xfe\xd8W\xe5]\x00~\xff\x00\x7f\xc3\xd1\x7ff_\
\xfa)c\xff\x00\x04Z\x9f\xff\x00#Q\xff\x00\x0fE\
\xfd\x99\x7f\xe8\xa5\x8f\xfc\x11j\x7f\xfc\x8d_\x804P\
\x07\xbf\xfe\xde\x9f\x14|1\xf1\x9f\xf6\xae\xf1\xc7\x8c|\
\x1b\xa9\xff\x00l\xf8oQ\xfb\x0f\xd9o~\xcf,\x1e\
g\x97co\x13\xfc\x92\xaa\xb8\xc3\xa3\x8eTg\x19\x1c\
\x10k\xc0\xa9\xb4P\x07\xd0_\xb0W\xc5\x0f\x0c\xfc\x18\
\xfd\xac<\x0f\xe3/\x18\xea_\xd8\xfe\x1b\xd3\x05\xf9\xbb\
\xbd\x16\xf2\xcf\xe5\xf9\x96\x17\x11'\xc9\x12\xb3\x9c\xbc\x88\
8S\x8c\xe4\xe0\x02k\xf5\xec\xff\x00\xc1Q\xbff\x22\
?\xe4\xa6\xff\x00\xe5\x03T\xff\x00\xe4j\xfc\x03S\xb4\
\xd2g4\x01\xfdQ\xa9\x0d\x1a\xe3s\x06\x19\xc9\xc85\
\xf8\x11\xff\x00\x05E\xe3\xf6\xe7\xf8\x95\xff\x00p\xdf\xfd\
5\xdaW\xef\xc4}\x13\xfd\xdf\xf0\xaf\xc0\x7f\xf8*7\
\xfc\x9f?\xc4\xaf\xfb\x86\xff\x00\xe9\xae\xd2\x80<\xa3\xe0\
_\xec\xb9\xf1?\xf6\x94\xfe\xdb\xff\x00\x85q\xe1\x9f\xf8\
H\xff\x00\xb1|\x8f\xb7\xff\x00\xa7\xda\xda\xf9>w\x99\
\xe5\x7f\xaf\x957g\xca\x93\xee\xe7\x1by\xc6F}W\
\xfe\x1dq\xfbN\xff\x00\xd12\xff\x00\xca\xfe\x97\xff\x00\
\xc95\xf5W\xfc\x10\xc7\xfekg\xfd\xc1?\xf6\xfe\xbf\
U(\x03\xf0\x04\x7f\xc1.\x7fi\xdc\xff\x00\xc92\xff\
\x00\xca\xfe\x97\xff\x00\xc95\xf2\xd1R\xb2\x14%A\x04\
\x8e\xc7\x1f\x8d\x7fTu\xfc\xac\x13\x8e\x94\x01\xfb\xfd\xff\
\x00\x04\xba\xff\x00\x93\x15\xf8g\xff\x00q?\xfd:]\
\xd7\xd55\xf2\xaf\xfc\x12\xe7\xfeLS\xe1\x9f\xfd\xc4\xff\
\x00\xf4\xe7w_UP\x07\xcf\xdf\xb7\xbf\xc2\xff\x00\x13\
|f\xfd\x93\xfcs\xe0\xef\x07i\x9f\xdb\x1e#\xd4\xbe\
\xc3\xf6[/\xb4E\x07\x99\xe5\xdf\xdb\xca\xff\x00<\xac\
\xa80\x91\xb9\xe5\x86q\x81\x92@\xaf\xc81\xff\x00\x04\
\xba\xfd\xa7\x08\xcf\xfc+?\xfc\xafi\x9f\xfc\x93_\xbf\
G\x9e\xb4\xfa\x00(\xa2\x8a\x00(\xa2\x8a\x00(\xa2\x8a\
\x00(\xa2\xbe\x7f\xfd\xbd\xbe(\xf8\x9f\xe0\xc7\xec\x9d\xe3\
\x9f\x19x;R\xfe\xc7\xf1&\x99\xf6\x0f\xb2^\x9bx\
\xa7\xf2\xfc\xcb\xfbx\x9f\xe4\x95Y\x0eRG\x1c\xa9\xc6\
r0@4\x01\xefo\x8ct'\xafJ\xfeW\x0fZ\
\xfa\xa7\xfe\x1e\x8d\xfbN\xff\x00\xd1L\xff\x00\xca\x06\x97\
\xff\x00\xc8\xd5\xf2\xb5\x00~\xfe\xff\x00\xc1.\x7f\xe4\xc4\
\xfe\x19\x7f\xdcO\xff\x00N\x97u\xf5]\x7f:\xbf\x0b\
\x7foO\x8e\xbf\x05|\x0b\xa6\xf87\xc1\x9e9\x1a7\
\x86\xf4\xdf7\xec\xb6_\xd9\x16\x13\xf9~d\xaf+\xfc\
\xf2\xc0\xcer\xee\xc7\x968\xce\x07\x00\x0a\xeb?\xe1\xe8\
\xff\x00\xb4\xef\xfd\x14\xdf\xfc\xa0i\x7f\xfc\x8d@\x1f\xbf\
e@`q\xd3<\xd1\x9c\xd7\xe4\x17\xec\x1b\xfby\xfc\
t\xf8\xd7\xfbV\xf8\x1f\xc1\xbe3\xf1\xc7\xf6\xd7\x87u\
\x1f\xb7\x1b\x9b/\xec\x8b\x18<\xc3\x1d\x85\xc4\xa9\xf3\xc5\
\x02\xb8\xc3\xc6\x87\x86\x19\xc6\x0eA\x22\xbf_\xc7\x14\x01\
\xfc\xadW\xef\xcf\xfc\x12\xfdX\xfe\xc2\xff\x00\x0d\x19\x89\
b\xc3R\xceO_\xf8\x99\xdd\x01\xfab\xbf\x01\xab\xdf\
\xbe\x18~\xde_\x1d>\x0dx#N\xf0\x87\x83\xbcq\
\xfd\x8f\xe1\xdd;\xcc\xfb-\x99\xd2,.<\xaf2F\
\x95\xfey`g9wc\xcb\x1cg\x03\x00\x01@\x1f\
h\xff\x00\xc1r\xb1\x8f\x82x\x00\x7f\xc8o\xa7\xfd\xb8\
W\xcb?\xf0K\xaf\xf9>\x9f\x86?\xf7\x13\xff\x00\xd3\
e\xdd}S\xfb\x0c(\xff\x00\x82\x93\x7f\xc2m\xff\x00\
\x0d\x1c\x07\xc4_\xf8B\xfe\xc3\xfd\x83\xff\x000\xbf\xb1\
\xfd\xaf\xed\x1fi\xff\x00\x8f\x1f#\xcc\xdf\xf6K\x7f\xf5\
\x9b\xb6\xec\xf9q\xb9\xb3\xea\xdf\xb5\x0f\xec\xb7\xf0\xbf\xf6\
.\xf8\x15\xe2\x7f\x8c\x9f\x07<2|\x1d\xf1#\xc3B\
\xdb\xfb+Z\x1a\x85\xd5\xf7\xd9\x8d\xc5\xccV\xb3~\xe6\
\xeaYa}\xd0\xdcJ\x9f:\x1cn\xc8\xc3\x00@\x07\
\xdf\xd5\xfc\xac\x9e\x95\xf5G\xfc=\x1f\xf6\x9d\xff\x00\xa2\
\x9b\xff\x00\x94\x0d/\xff\x00\x91\xab\xf5O\xfe\x1du\xfb\
0\xff\x00\xd13\x1f\xf8?\xd4\xff\x00\xf9&\x80?\x01\
[v\xee\xbe\x9d\xe8\xe9\x91_\xbf_\xf0\xeb\xaf\xd9\x87\
\xfe\x89\x98\xff\x00\xc1\xfe\xa7\xff\x00\xc95\xf0\x17\xfc\x15\
c\xf6\x5c\xf8a\xfb6\x7f\xc2\xae\xff\x00\x85o\xe1\x9f\
\xf8G\x7f\xb6\xbf\xb5>\xdf\xfe\x9fuu\xe7y?d\
\xf2\xbf\xd7\xca\xfbq\xe6\xc9\xf7q\x9d\xdc\xe7\x03\x00\x1f\
\x9f\xf4QE\x00\x7fT\xb4\x1e\x05~\x0exO\xfe\x0a\
1\xfbV\xf8\xeb\xc4\xda7\x86\xf4O\x88\x22\xf3Z\xd6\
/a\xd3\xecm\xbf\xb1t\xa8\xfc\xd9\xe5u\x8e4\xdc\
\xd6\xe1W,\xca2\xc4\x01\x9eH\x15\xfbU\xe1'\xd7\
|\x09\xf0\xf7\xc3\xdag\x8au\xc9|k\xe36\x81c\
\xb8\xbd0\xc3nonO\xcd#*E\x1a$q)\
8\x07nB*\xee.\xe7,\x01\xdb\xb3\x0c)a\x8f\
NzS\xd5\xb3\xc1\x15\xc8:x\xd6gi\x06\xa1\xa1\
X\xc6\xdfv\x16\xd3f\xb9e\x1e\x85\xc5\xc4a\xbe\xbb\
G\xd2\x9b\xe5x\xd7\x1f\xf2\x1e\xd0?\xf0G?\xff\x00\
&P\x07g_\x81\xff\x00\xf0\xea\x9f\xdaS\xfe\x84K\
\x7f\xfc\x1e\xd8\x7f\xf1\xea\xfd\xa6\xf1'\x8a\xf5\x9f\x06\xd9\
}\xb3^\xf1\xaf\x84\xf4k^\xd2\xdfirB\xad\xf4\
\xddz2~\x95\xc6\x8f\x8fw\xd3G\xe6\xdajS\xea\
\x10\x13\x85\xb8\xb2\xf8u\xadM\x0b\xff\x00\xba\xeb!\x0c\
=\xc5\x007\xf6\x11\xf8W\xe2o\x82_\xb2\xbf\x82\xfc\
\x17\xe3\x0b\x01\xa6x\x87L7\xbfi\xb5Y\xe3\x98'\
\x99{<\xa9\xf3\xc6\xcc\xa7)\x22\x9e\x09\xc6q\xda\xbc\
\x0f\xfe\x0a\xa7\xfb,|I\xfd\xa6\x07\xc3\x1f\xf8W\x9a\
\x14z\xd9\xd1?\xb5>\xdd\xe6^\xc1m\xe5\xf9\xdfd\
\xf2\xff\x00\xd6\xba\xe7>S\xf4\xce1\xcfZ\xfa\x8f\xc1\
\xdf\x105?\x1fA4\x9a\x17\x8d</|\xf0\x12'\
\xb6\xfe\xc4\xb8\x8e\xe2\xdc\xff\x00vX^\xecI\x19\xf6\
e\x15\xd2\xf9\x1e3?\xf3\x1f\xf0\xf9\xff\x00\xb8\x14\xff\
\x00\xfc\x99@\x1f\x97\x7f\xb0\x7f\xec\x01\xf1\xc7\xe0\x9f\xed\
U\xe0\x7f\x1bx\xc3\xc20\xe9\x9e\x1d\xd3>\xdd\xf6\xab\
\x95\xd5m&d\xf3ln!O\x929Y\x8f\xcf\x22\
\x0e\x07|\xf6\xaf\xd7\x5c\x8a\xe3\xbe\xcf\xe3O\xfa\x0fx\
\x7f\xff\x00\x04S\xff\x00\xf2e/\x91\xe3O\xfa\x0f\xe8\
\x1f\xf8\x22\x9f\xff\x00\x93(\x03\xf1\x03\xfe\x1dU\xfbJ\
\x7f\xd0\x89o\xff\x00\x83\xdb\x0f\xfe=\x5c\xcf\x8c\xbf\xe0\
\x9d_\xb4O\x81t\xa6\xd4u\x1f\x85\xda\xa5\xd5\xba\xc8\
#\xc6\x8dqo\xa9LI\xe8|\x9bi\x1eLz\x9d\
\xb8\x1d\xeb\xf7\x90\xdb\xf8\xd3\xfe\x83\xfe\x1f\xff\x00\xc1\x14\
\xff\x00\xfc\x99S\xd9\xdex\x8bNR\xda\xabi\xfa\xac\
]\xdbN\xb7\x92\xdd\xd4z\x84y$\xdd\xf4\xdc(\x03\
\xf9\x84+\xc9\xe0\xf1\xd7\x22\xbe\xa9\xff\x00\x82]\x0f\xf8\
\xce\x7f\x86\x9f\xf7\x13\xff\x00\xd3]\xdd~\xbc\xfcL\xfd\
\x87~\x04|u\xf1+x\xbb\xc5\x1e\x01\xb4\xd4u\x8b\
\xb8\x94K{iyubg\xc1$4\xabo,j\
\xf2|\xd8.\xc0\xb6\x02\x82p\xa0\x0f\x01\xfd\xa7\xbfe\
\xcf\x86_\xb1\x97\xc0\xcf\x13|c\xf8;\xe1\xb3\xe0\xff\
\x00\x88\xfe\x1b\xfb7\xf6V\xb5\xf6\xfb\xab\xef\xb3}\xa2\
\xe6+I\xbfsu,\xb0\xbe\xe8n%O\x9d\x0e7\
da\x80 \x03\xef\xfa\xfeV\xab\xea\x9f\xf8z\x1f\xed\
9\xff\x00E7\xff\x00(:g\xff\x00#W\xca\xd4\
\x01\xfb\xf9\xff\x00\x04\xba\xff\x00\x93\x13\xf8i\xff\x00q\
?\xfd:]\xd7\xd5+\xda\xbf\x9d\x9f\x85\xbf\xb7\xaf\xc7\
o\x82\xde\x04\xd3<\x1b\xe0\xdf\x1c\xff\x00cxoM\
\xf3~\xc9e\xfd\x91a?\x97\xe6J\xf2\xbf\xcf,\x0c\
\xe7/#\x9eX\xe38\x1c\x00+\xab\xff\x00\x87\xa3\xfe\
\xd3\xbf\xf4S\x7f\xf2\x81\xa5\xff\x00\xf25\x00~\xa8\x7f\
\xc1Q?\xe4\xc4\xfe%\xff\x00\xdc7\xff\x00N\x96\x95\
\xf8\x0b_~\xfe\xcb\xdf\xb5\x1f\xc5\x0f\xdbG\xe3\xaf\x86\
>\x0d\xfcc\xf10\xf1\x8f\xc3\x7f\x12\x9b\x9f\xed]\x14\
\xe9\xf6\xb6?i\xfb=\xb4\xb7P\xfe\xfa\xd6(\xa6M\
\xb3[\xc4\xff\x00#\x8c\xed\xc1\xca\x92\x0f\xe8\x0f\xfc:\
\xe3\xf6b\xff\x00\xa2e\xff\x00\x95\xfdS\xff\x00\x92h\
\x03\xf0\x0b>\xf5\xfb\xf7\xff\x00\x04\xb9\xff\x00\x93\x14\xf8\
g\xff\x00q?\xfd9\xdd\xd7\xe0C\xe5\xdb\x00*\xe3\
<zW\xef\xbf\xfc\x12\xe3\xfeLS\xe1\x9f\xfd\xc4\xff\
\x00\xf4\xe7w@\x1f*\x7f\xc1r\xcf\xfc\x91O\xfb\x8d\
\x7f\xed\x85|\xb1\xff\x00\x04\xba\xff\x00\x93\xe7\xf8i\xff\
\x00q?\xfd5\xdd\xd7\xed/\xc7/\xd9\x83\xe1\x9f\xed\
\x224a\xf1\x17\xc3_\xf0\x91\x7fc\x09\xbe\xc1\xfe\x9f\
sk\xe4\xf9\xdb<\xcf\xf5\x12&\xec\xf9Q\xfd\xec\xe3\
o\x18\xc9\xcf%\xf0\xbf\xf6\x0e\xf8\x1f\xf0g\xc7:o\
\x8c<\x1f\xe0\x93\xa4\xf8\x8bM\xf3~\xcbx\xda\xbd\xf4\
\xe2?2'\x89\xff\x00w,\xec\x87)#\x8eT\xe3\
9\x18 \x1a\x00\xfa\x14t\x15\xfc\xacW\xf5N\xbft\
W\xf2\xb1@\x05\x15\xfa\xfd\xfb\x05~\xc1_\x02~4\
\xfe\xc9\xde\x06\xf1\x97\x8c\xbc\x0d\xfd\xb3\xe2MK\xed\xdf\
k\xbd\xfe\xd7\xbf\x83\xcc\xf2\xef\xee\x22O\x92)\xd5\x06\
\x124\x1c(\xce2y$\xd7\x80\x7f\xc1V\xff\x00e\
\xcf\x86\x1f\xb3_\xfc*\xef\xf8W\x1e\x19\xff\x00\x84s\
\xfbk\xfbS\xed\xff\x00\xe9\xf7W^w\x93\xf6O+\
\xfd|\xaf\xb7\x1el\x9fw\x19\xdd\xcep0\x01\xe5_\
\xf0K\xaf\xf9>\xaf\x86_\xf7\x13\xff\x00\xd3e\xdd~\
\xff\x00W\xf3\x05\xf0\xb7\xe2\x8f\x89~\x0c\xf8\xe3N\xf1\
\x87\x83\xf5?\xec\x7f\x11\xe9\xbeg\xd9/D\x11O\xe5\
\xf9\x91<O\xf2J\xac\x87)#\x0eA\xc6r0@\
5\xef\xe3\xfe\x0a\x89\xfbM\xff\x00\xd1Mo\xfc\x10i\
\x7f\xfc\x8d@\x1f\xbf\xd4QE\x00\x14QE\x00\x14Q\
E\x00\x15\xf2\xaf\xfc\x15\x1f\xfeLO\xe2o\xfd\xc3?\
\xf4\xe9i_UW\xca\xbf\xf0T\x7f\xf91?\x89\xbf\
\xf7\x0c\xff\x00\xd3\xa5\xa5\x00~\x00\xd1GJ(\x00\xaf\
\xaa?a\xaf\xd8h\xfe\xda\x07\xc6\xa0x\xd4x?\xfe\
\x11\xbf\xb1u\xd2\xbe\xdd\xf6\x9f\xb4y\xff\x00\xf4\xda=\
\x9b|\x8f|\xee\xed\x8e~W\xaf\xd5O\xf8!\x8f\xfc\
\xd6\xcf\xfb\x82\x7f\xed\xfd\x00z\xa7\xec\xb9\xff\x00\x04\xa4\
\xff\x00\x86l\xf8\xeb\xe1\x9f\x88\xff\x00\xf0\xb4\x7f\xe1\x22\
\xfe\xc5\xfbW\xfcK?\xe1\x1e\xfb/\x9d\xe7Z\xcd\x07\
\xfa\xdf\xb5>\xdcy\xbb\xbe\xe9\xce\xdcq\x9c\x8f\xd0\x0a\
(\xa0\x0f\xca\xcf\xf8q\x9f\xfdV\xcf\xfc\xb5?\xfb\xb6\
\x8f\xf8q\x9f\xfdV\xcf\xfc\xb5?\xfb\xb6\xbfT\xeb\xc0\
>)~\xde\x9f\x02\xbe\x0a\xf8\xebR\xf0o\x8c\xfcs\
\xfd\x8d\xe2M;\xca7V_\xd9\x17\xf3\xf9~dI\
*|\xf1@\xc8r\x92)\xe1\x8e3\x83\xc8\x22\x809\
O\xd8g\xf6\x19\xff\x00\x86.\xff\x00\x84\xdb\xfe+o\
\xf8L\x7f\xe1%\xfb\x0f\xfc\xc2~\xc3\xf6o\xb3\xfd\xa3\
\xfe\x9b\xcb\xbfw\xda=\xb1\xb7\xbex?\xe0\xa8\xff\x00\
\xf2b\x7f\x13\x7f\xee\x19\xff\x00\xa7KJ?\xe1\xe8\xff\
\x00\xb3\x17\xfd\x14\xdf\xfc\xa0j\x9f\xfc\x8d_?\xfe\xde\
\xbf\xb7\xaf\xc0\x9f\x8d?\xb2w\x8e|\x1b\xe0\xdf\x1c\xff\
\x00l\xf8\x93R\xfb\x0f\xd9,\xbf\xb2/\xe0\xf3<\xbb\
\xfby_\xe7\x96\x05A\x84\x8d\xcf,3\x8c\x0eH\x14\
\x01\xf9\x03_\xaa?\xf0\xfc\xaf\xfa\xa2\x9f\xf9u\xff\x00\
\xf7\x15~WW\xd5_\xf0\xeb\xaf\xdak\xfe\x89\xa7\xfe\
W\xf4\xbf\xfeI\xa0\x0f\xa9\xff\x00\xe1\xf9\x7f\xf5E?\
\xf2\xeb\xff\x00\xee*\xf9_\xf6\xe5\xfd\xb9\xbf\xe1\xb3\xff\
\x00\xe1\x0a\xff\x00\x8a'\xfe\x10\xef\xf8F\xfe\xdb\xff\x00\
1o\xb7}\xa7\xed\x1fg\xff\x00\xa6\x11l\xdb\xe4{\
\xe7wlr\xbf\xf0\xeb\xaf\xdak\xfe\x89\xa7\xfeW\xf4\
\xbf\xfeI\xaf+\xf8\xe5\xfb-\xfcL\xfd\x9b\x7f\xb1?\
\xe1cxk\xfe\x11\xdf\xed\xaf?\xec\x1f\xf10\xb5\xba\
\xf3\xbc\x9f/\xcd\xff\x00Q+\xed\xc7\x9b\x1f\xde\xc6w\
q\x9c\x1c\x00yM\x02\xba\xbf\x86?\x0b\xbcK\xf1\x97\
\xc7:o\x83\xbc\x1d\xa6\x7flx\x8fR\xf3~\xc9e\
\xe7\xc5\x07\x99\xe5\xc4\xf2\xbf\xcf+*\x0c$ny#\
8\xc0\xc9 W\xbf\x8f\xf8%\xcf\xed8F\x7f\xe1Y\
\x9f\xfc\x1fi\x9f\xfc\x93@\x07\xfc\x13\x07N\x87S\xfd\
\xb7\xbe\x1c\x89\xe1\x8ex\xe0\xfe\xd0\xb8\x11\xca\x81\x86\xe4\
\xb0\xb8(Fz\x15m\xac\x0fb\xa0\x8ek\xf7]\xa0\
\xf3<ms,\x84\xb0\x83N\x85b^\xcb\xbeIw\
\x91\xf5\xf2\xd3\xf2\x15\xf9_\xfb\x01\xfe\xc2_\x1c\xbe\x08\
~\xd5>\x11\xf1\x7f\x8d|\x11\xfd\x8b\xe1\xdb(\xaf\x92\
\xe2\xf7\xfbZ\xc6}\x86K9\xa3A\xb2)\xd9\xceY\
\x94p\xa7\x19\xe7\x8a\xfdUn|Y\x7f\xff\x00^6\
\xbf\xfa2z\x00\xbe\xcd\x91\x81\x9f\xc6\xb8\xcf\x1b\xf8\xcf\
Q\xd2\xf5\x0b\x1f\x0exj\xd6+\xff\x00\x13jQ\xb4\
\xb1\xb5\xc0&\xda\xce\xd8\x10\x1e\xe6lrT\x12\x15P\
r\xec@\x04\x00\xcc\xb75\xff\x00\x89~\x15\xf0\xdd\xb5\
\xdd\xc6\xa1\xe2\x0d>\x08\xed\x88GA8y\x0b\x93\x80\
\x81\x17,X\x92\x00P\x09$\xe0\x0a\xe6>\x0f]7\
\x8b\xf5\x8f\x19x\xcd\xe0\xbc\xb5}GP\x1am\xad\xbd\
\xf4~\x5c\x90Z\xda\xae\xc0\x852v\x933\xdc>:\
\xfc\xe38 \x80\x01\xcdx\xc7\xc4\x1f\x0d\xbffM5\
\xbce\xf1\x17\xc4&\xf7^\x961\x1b\xea\xba\x8a\xf9\xd7\
\x93\x9e2\xb6\xf0(\xc4Q\x82G\xcb\x18U\x19\x1b\x89\
'5\xc5Xx\xb7\xc7\xbf\x10a\xd7f\xf0\x8b\xea\xda\
\x1f\x8a-/\x17T\xb5\xd3\xee\xee\xad/-\xae4\x9b\
\xc2\x8a\xa3\x1es'\x9b\xb2\x07\x99\x15\xcam/\x80J\
1'\xd7~$\xfe\xcf\x1e\x0c\xf8\xb5s\x7f7\x89-\
.\xae\x86\xa3k\x15\x95\xfd\xbcwo\x1c7P\xc4\xe5\
\xe3GPx\x01\x898\x5cg\x8c\xe7\x03\x0bqu\xe0\
\x0f\xd9\xab\xc1\xf6\x96\xb0Y\xa6\x91c4\xfeM\x96\x9b\
\xa6[=\xc5\xd5\xe4\xec\x00\x09\x1cj\x1aI_\x81\xeb\
\x80\x07@(\x03\xe7\xff\x00\x85\xdf\xb2\xaf\xc4\xed_\xe2\
?\x88|]\xe3\xbf\x18\xde\xd9;\xdf\xf9\xba-\xd8\xba\
\x13k\x16V\xe1I\x10n\x8f\x16\xd1\xa31R\xea\xa8\
\xe1\xc2\xe3\x8c\x9c\xfb~\x9b\xf1\xa6\xe3\xc3Z\xa4\x9e\x15\
\xf1\x86\x8b\xaaO\xe2\xabH\xbc\xe3q\xa1is\xdd\xdb\
_\xdb\xe7j\xcf\x10\x8dX\xa6[\xe5h\xdb\x94n2\
T\xab\x1fE\xf0\xae\xb5?\x88t;}F}\x16\xff\
\x00@i\xf2\xc2\xcbR\x11\x89\xd4g\xab\x08\xdd\xd4g\
\xaf\x5c\xfa\xe2\xb9\x1f\x8a\xb6\xabg\xaf\xf8\x13\xc4\x11\x81\
\x1d\xd5\x96\xb4\x96o(\xfb\xcdot\x8d\x0b\xc6}T\
\xbbB\xf8\xf5\x8dOj\x00\xde\xf0\x1f\x8e`\xf1\xe6\x9f\
{q\x16\x99\x7f\xa4\xcbev\xf6W\x16\xba\x8a\xc6$\
I\x15U\x88\xfd\xdb\xba\xf4q\xdf#\xa1\x00\x82+\xa5\
\xc0\xaf/\xd0S\xfe\x157\x8f\x07\x87\xf2\xef\xe1_\x13\
\x5c\x5c]i\xae\xc3&\xce\xfc\x96\x9a{vl\xf2\xb2\
\x83$\xa9\x9eAY\x178\xd8\x07\xa8\xd0\x02`R\xe2\
\x8a(\x033\xc2S\xf9\x93x\x82\xdc|\xb1Z\xea\x1b\
\x22N\xca\xaf\x042\x91\xff\x00}J\xd5\xf3\xbf\xfc\x14\
\xfc\xff\x00\xc6\x09\xfcK\xfa\xe9\x9f\xfas\xb4\xaf\xa1\xfc\
$?\xe2o\xe2\xb1\xff\x00Q4\xff\x00\xd2;j\xf8\
\x8b\xf6\x9c\xfd\xa6>\x1c~\xd8\xff\x00\x03\xbcW\xf0_\
\xe1\x1f\x89?\xe1,\xf8\x9b\xe2\x17\xb6M3A6W\
\x16_h6\xd7q]O\xfb\xfb\x98\xe3\x85v\xc3o\
3\xfc\xce3\xb3\x03$\x80@?\x16\xf9\xaf\xd5O\xf8\
q\xa7\xfdV\xcf\xfc\xb4\xff\x00\xfb\xb6\xbeX\xff\x00\x87\
\x5c\xfe\xd3\x7f\xf4L\xff\x00\xf2\xbf\xa6\x7f\xf2M~\xa7\
\xff\x00\xc3\xd1\x7ff/\xfa)\x9f\xf9B\xd5?\xf9\x1a\
\x80?\x16\x7fj/\x81'\xf6l\xf8\xe7\xe2O\x87G\
[\xff\x00\x84\x8b\xfb\x1b\xec\xdf\xf13\xfb'\xd9|\xef\
:\xda)\xff\x00\xd5\xef}\xbb|\xdd\xbfx\xe7nx\
\xce\x07\xa9~\xc3\x7f\xb0\xc9\xfd\xb3\xcf\x8dq\xe3Q\xe0\
\xf1\xe1\xbf\xb1\x7f\xcc+\xed\xdfh7\x1e\x7f\xfd6\x8b\
n\xdf\xb3\xfb\xe7wls\xcb~\xde\x7f\x14\xbc3\xf1\
\x9f\xf6\xad\xf1\xc7\x8c|\x1b\xaa\x7fl\xf8oQ\xfb\x0f\
\xd9/~\xcf,\x1eg\x97co\x13\xfc\x92\xaa\xb8\xc3\
\xc6\xe3\x95\x19\xc6G\x04\x1a\xfbW\xfe\x08j3\xff\x00\
\x0b\xab\xeb\xa2\x7f\xed\xfd\x00z\x9f\xec\xb3\xff\x00\x04\xa6\
?\xb3o\xc7O\x0c|H?\x14?\xe1!\xfe\xc5\xfb\
W\xfcK?\xe1\x1f\xfb/\x9d\xe7Z\xcb\x07\xfa\xdf\xb5\
>\xdcy\xbb\xbe\xe9\xce\xdcq\x9c\x8f\xd0\x1a\xe5~(\
\xfcQ\xf0\xc7\xc1\x8f\x02\xea~2\xf1\x8e\xa5\xfd\x8f\xe1\
\xbd3\xcb\xfb]\xe8\xb7\x96\x7f/\xcc\x95\x22O\x92%\
g9y\x10p\xa7\x19\xc9\xc0\x04\xd7\xcf\xff\x00\xf0\xf4\
\x7f\xd9\x8b\xfe\x8ao\xfeP5O\xfeF\xa0\x0f\xc0/\
S\xef_\xbf\x7f\xf0K\x8f\xf91O\x86\x7f\xf7\x13\xff\
\x00\xd3\x9d\xdd~\x02v?Z\xfd}\xfd\x82\xff\x00o\
?\x81_\x05\x7fd\xff\x00\x02\xf87\xc6~8\xfe\xc6\
\xf1&\x9c/\xbe\xd5e\xfd\x91\x7f?\x97\xe6_\xdcJ\
\x9f<P2\x1c\xa3\xa9\xe1\x8e3\x83\x82\x08\xa0\x0f\xd2\
oO\xa5yg\xedE\xf1\xc8~\xcd\x9f\x02\xfcK\xf1\
\x1c\xe8\x9f\xf0\x91\x0d\x17\xec\xb9\xd3E\xd7\xd9\xbc\xef:\
\xea(?\xd6l}\xb8\xf3w}\xd3\x9d\xb8\xe39\x09\
\xf0/\xf6\xa3\xf8c\xfbI\xff\x00m\xff\x00\xc2\xb8\xf1\
7\xfc$\x7f\xd8\xbeG\xdb\xff\x00\xd0.\xad|\x9f;\
\xcc\xf2\xbf\xd7\xc4\x9b\xb3\xe5I\xf7s\x8d\xbc\xe3#>\
W\xff\x00\x05F\xff\x00\x93\x14\xf8\x99\xff\x00p\xcf\xfd\
9\xdaP\x07\xca\xdf\xf0\xfc\xd3\xff\x00DS\xff\x00.\
\xbf\xfe\xe2\xa7\x7f\xc3\x8d\x7f\xea\xb6\x7f\xe5\xa7\xff\x00\xdd\
\xb5\xf9U_\xd5E\x00yO\xec\xb7\xf03\xfe\x19\xaf\
\xe0O\x86~\x1c\x7fm\xff\x00\xc2G\xfd\x8b\xf6\xaf\xf8\
\x99\xfd\x93\xec\xbew\x9du,\xff\x00\xea\xb7\xbe\xdcy\
\xbb~\xf1\xce\xdc\xf1\x9c\x0f\x80\x7f\xe0\xb9\xdf\xf3D\xff\
\x00\xee7\xff\x00\xb6\x15\xf6\xaf\xc5/\xdb\xd3\xe0W\xc1\
_\x1dj^\x0d\xf1\x9f\x8e\x7f\xb1\xbcI\xa7yF\xea\
\xcb\xfb\x22\xfe\x7f/\xcc\x89%O\x9e(\x19\x0eRE\
<1\xc6py\x04W\xc5_\xb7?\xfcl\xa3\xfe\x10\
\x9f\xf8g\x1f\xf8\xb8\xbf\xf0\x85\xfd\xbb\xfb{\xfea\x7f\
c\xfbg\xd9\xfe\xcd\xff\x00\x1f\xdeG\x99\xbf\xec\x97\x1f\
\xea\xf7m\xd9\xf3cr\xe4\x03\xf2\xae\x8c\xd7\xd0\x1f\x14\
\x7f`\x9f\x8e\xff\x00\x06<\x0b\xa9\xf8\xcb\xc6^\x05\xfe\
\xc7\xf0\xde\x99\xe5}\xae\xf7\xfb^\xc2\x7f/\xcc\x95\x22\
O\x92)\xd9\xce^D\x1c)\xc6rp\x015\xf3\xfd\
\x00\x7fU\x14QE\x00\x14QE\x00\x14QE\x00\x15\
\xf2\xaf\xfc\x15\x1f\xfeLO\xe2o\xfd\xc3?\xf4\xe9i\
_UQ@\x1f\xca\xc0\x5c\x8c\xd0\x17'\x15\xfdR2\
\x86\xe7\xfa\xd3Y7\xe4q\xd2\x80?\x95\xc20q_\
\xaa\x9f\xf0C\x1f\xf9\xad\x9f\xf7\x04\xff\x00\xdb\xfa\xf9[\
\xfe\x0a\x8f\xff\x00'\xd5\xf17\xfe\xe1\x9f\xfal\xb4\xaf\
\x95(\x03\xfa\xa8\xa2\xbf\x00\xff\x00\xe0\x97\x81\xbf\xe1\xba\
~\x19\xf3\xc7\xfcL\xfb\xff\x00\xd4.\xea\xbf\x7f(\x00\
\xaf\xc0\x0f\xf8*/\xfc\x9fG\xc4\xbf\xfb\x86\xff\x00\xe9\
\xb2\xd2\xbf\x7f\xe8\xa0\x0f\xe5^\x8a\xfe\xa9\x8a\xe7\x19$\
\xd7\xca\x9f\xf0T2\x7f\xe1\x85\xbe&q\xff\x00@\xce\
\xdf\xf5\x14\xb4\xa0\x0f\xc0J\xfe\xa9k\xf9\x5c\xa2\x80?\
\xaaj\xfc\xaa\xff\x00\x82\xe6\x1c\x1f\x82\x9f\xf7\x1b\xff\x00\
\xdb\x0a\xfa\xa7\xfe\x09u\xff\x00&)\xf0\xcf\xfe\xe2_\
\xfat\xbb\xaf\x95\x7f\xe0\xb9\xbd~\x0a\x7f\xdco\xff\x00\
l(\x03\xe5\x7f\xf8%\xe9\xcf\xed\xd1\xf0\xcb\xfe\xe2\x7f\
\xfal\xbb\xaf\xdf\xd1\xd2\xbf\x00\x7f\xe0\x97\x9f\xf2}\x1f\
\x0c\xbf\xee'\xff\x00\xa6\xcb\xba\xfd\xfe\x1d(\x029\xbe\
\xf4\x7f\xef\x1f\xfd\x04\xd6\x11\xff\x00\x91\xb7P\xff\x00\xaf\
\x1b_\xfd\x19q_\x86_\xf0J\xef\xf9>\x0f\x02\xff\
\x00\xd7\xbe\xa5\xff\x00\xa4\x13\xd7\xeei\xff\x00\x91\xb7P\
\xff\x00\xaf\x1b_\xfd\x19q@\x1eY\xe1\x7f\x01\xe8\xff\
\x00\x0d>.\xd8\xe8\x9alA\xb4\xbdKO\xbd\xd4m\
-\xaea\x89\xcd\xa4\xf1O\x08u\x86M\x82@\xac.\
I*\xcc\xc0\x05\x1bv\x81\x8a\xde\xf8wz\xdaG\x8d\
<i\xe1[\x94\xd8M\xd0\xd6\xec\x0f\xf0\xcbmp\xa3\
\xcc\xc7\xa9Y\xd2\x5c\x8e\xc1\x93\xd6\x9f\xf1\x86\x09\xf4\xdb\
\x0d#\xc5\xb66\xf2\x5c\xde\xf8f\xe8\xdf40\x8c\xc9\
5\xa3!\x8a\xea0\xbdX\xf9N\x5c(\xea\xf1 \xab\
\x9e&\xf0m\xbf\x8f\xad4\x9d\x7fC\xd5?\xb35\xab\
U3\xe9:\xcd\xba\x89\x10\xc7 R\xd1\xc8\x99\x02X\
d\x01r\x84\x8e\x8aAV\x0a\xc0\x03\xb5\xfc1Y>\
'\xf1f\x8d\xe0\xcd\x22MK]\xd4\xa0\xd3,\x90\x85\
\xf3glnc\xd1Tuf=\x95Ac\xd8\x1a\xf3\
}/\xe3n\xa1\xf6\xddW\xc3R\xf8v\xe7\x5c\xf1\xb6\
\x95q\xe5\xddi\xfa@\xd9n!*\xae\x97\x06i\x8a\
\xa2+\xa3\x0c)b\xdb\x83(\xce\xd2\xd5\x81\xe3\x0f\x1d\
\xf8[[\xd7t\xbdq<A\xa6\xf8/\xc7:B\x15\
}\x17\xc6em\x92d \xe66\x0e\xc3$om\xb3\
\xc2X\x0d\xcd\xf7\xd5\x8a\x90\x0e\xd2O\x89\xde'\xd6e\
\x0b\xe1\x9f\x87\x9a\x95\xf5\xb1\xc6\xdb\xedn\xf2\x1d2\x06\
\x5c\x83\x9d\x8c^q\xd0\x8c\x18A\xac?\x13\xdf\xdc|\
g\xf0\x9d\xff\x00\x85b\xbdo\x02\xfcB\xd3\xae-\xef\
\xd2\xceIV_-\xe2\x99d\x8eDb\xb8\x9a\x07\xd9\
\xb7\xccU\xe3q\x04\x06\x05k\xb4\xf8W\xf1\x09~'\
\xf8M5\xa1\xa7\xff\x00g\x91<\x96\xa4$\xcb=\xbc\
\xa63\xb4\xbc\x13/\x12\xc4Nv\xbe\x06pr\x05j\
x\xcb\xc0\x1e\x1d\xf1\xe5\x84V\xba\xfe\x8fg\xab\xc7\x13\
\x17\x87\xedq\x060\xb1\xfe$a\xca\xb7\xba\x90h\x03\
\xcbtO\x01'\xc5\x7f\x04\xe9Z\xac>*\xf1n\x8f\
\xabZ^\x19L77Q\xcf\xf6k\xfbiZ9\x12\
Dh\x8a\xb0YRE!p\x18g\x04f\xba\xdf\x0e\
x\xefW\xd1\xb5\xcbO\x0c\xf8\xde\xda\xde\xdfS\xbbb\
\x9av\xb5b\xac,u&\x0aX\xa6\x0eL\x13\x00\x09\
\xf2\xd8\xb0 1Vl\x10\xbdg\x86<'\xa4x#\
A\x87H\xd0lc\xd34\xe8\x9d\xe4[h\x89*\xac\
\xecY\xceO$\x96$\x92}j\x0f\x1a\xf82\xdb\xc7\
>\x17\xbb\xd2n.%\xb4\x92]\xb2[\xde\xc0q%\
\xac\xe8\xc1\xe2\x99?\xdaG\x0a\xc3\xe9\x83\xc14\x01\xbb\
Eq\x9f\x0d<kq\xe2k\x1b\xcd7Y\x8a+/\
\x15h\xd2\x8b]R\xce6%wc)4y\xe4\xc5\
\x22\xfc\xcaONT\xf2\xa6\xbb:\x00\xcb\xf0\x8f\xfc\x86\
<W\xff\x00a4\xff\x00\xd2;j\xfc4\xff\x00\x82\
i\xff\x00\xcaA<\x03\xff\x00_\x1a\xbf\xfe\x9b\xaf+\
\xf7/\xc2?\xf2\x18\xf1_\xfd\x84\xd3\xff\x00H\xed\xab\
\xe6\xef\xf8)s\x97\xfd\x84>&\x89I8}3'\
\xdb\xfbR\xd2\x80>\xb8\xaf\xe5^\x9d\xcb\x9c\x0e\x07\xa5\
\x7fTt\x01\xfc\xadW\xea\xa7\xfc\x10\xcf\xa7\xc6\xaf\xae\
\x89\xff\x00\xb7\xf5\xfa\xa3E\x00|\xaf\xff\x00\x05E\xff\
\x00\x93\x16\xf8\x9b\xff\x00p\xcf\xfd9\xdaW\xe0\x15~\
\xfe\x7f\xc1Q?\xe4\xc5~&\xff\x00\xdc3\xff\x00N\
v\x95\xf8\x07@\x0a1G\x1e\xff\x00\x9d\x7fTx>\
\xa3\xf3\xa5\x00\xfb~t\x01\xf9Y\xff\x00\x043\xff\x00\
\x9a\xd9\xff\x00pO\xfd\xbf\xaf\xaa\xbf\xe0\xa8\xdf\xf2b\
\x9f\x13?\xee\x19\xff\x00\xa7;J\xf9_\xfe\x0b\x9ax\
\xf8)\xff\x00q\xaf\xfd\xb0\xaf\x95\x7f\xe0\x97_\xf2|\
\xff\x00\x0d?\xee'\xff\x00\xa6\xbb\xba\x00\xf9V\xbf\xaa\
\x8a\x8c\xa8\x00/'\xa1\xe3\xd8\xd7\xf2\xbb@\x1fS\xff\
\x00\xc1Q\x7f\xe4\xfa>%\xff\x00\xdc7\xff\x00M\x96\
\x95\xf5W\xfc\x10\xc4\xe3\xfe\x17g\xfd\xc1?\xf6\xfe\xbe\
\xa8\xff\x00\x82_\x06?\xb0\xbf\xc3Gb\xccH\xd4\xb3\
\x93\xd7\xfe&w@~\x98\xaf\xaa\xd4q@\x1f+\x7f\
\xc1Q\x7f\xe4\xc5\xbe&\xff\x00\xdc3\xff\x00Nv\x95\
\xf8\x05_\xd5\x1b\xae\xf0A\xc1\x19\xe3#\xa5.{\x0a\
\x00\x92\x8aA\xd2\x96\x80\x0a(\xa2\x80\x0a(\xa2\x80\x0a\
\xf9\xff\x00\xf6\xf6\xf8\xa3\xe2\x7f\x83\x1f\xb2w\x8e|e\
\xe0\xedK\xfb\x1f\xc4\x9ag\xd8>\xc9zm\xe2\x9f\xcb\
\xf3/\xed\xe2\x7f\x92Ud9I\x1cr\xa7\x19\xc8\xc1\
\x00\xd7\xd0\x15\xf2\xaf\xfc\x15\x1f\xfeLO\xe2o\xfd\xc3\
?\xf4\xe9i@\x1f\x95_\xf0\xf4o\xdaw\xfe\x8ag\
\xfeP4\xbf\xfeF\xaf\xdf\xa5B\x00\x05\xb9\x1f\xad\x7f\
+\x95\xfa\xa4\xdf\xf0\x5c\xcd\xc7\xfeH\x9f\xfe]\x7f\xfd\
\xc5@\x1fj|N\xfd\x83\xbe\x06\xfce\xf1\xce\xa7\xe2\
\xff\x00\x19x#\xfbg\xc4z\x91\x8f\xedW\xa7W\xbf\
\x83\xcc\xf2\xe3X\x93\xe4\x8auA\x84\x8d\x07\x00g\x19\
<\x93\x5c\xb7\xfc:\xeb\xf6b=~\x19\xff\x00\xe5{\
T\xff\x00\xe4\x9a\xf5?\xd9w\xe3\x8f\xfc4\x97\xc0\xbf\
\x0c\xfcG\xfe\xc4\xff\x00\x84w\xfbk\xed?\xf1-\xfb\
_\xda\xbc\x9f&\xe6X?\xd6\xecM\xd9\xf2\xb7}\xd1\
\x8c\xe3\x9cd\xfa\xbe\xd1@\x1f?\xfc-\xfd\x82\xfe\x04\
\xfc\x16\xf1\xde\x99\xe3/\x06\xf8\x1b\xfb\x1f\xc4\x9ao\x9b\
\xf6K\xdf\xed{\xf9\xfc\xbf2'\x89\xfeIgd9\
I\x1cr\xa7\x19\xc8\xe4\x03_@\xd7\x93\xfe\xd4?\x1c\
\x87\xec\xd7\xf0/\xc4\xbf\x11\xce\x89\xff\x00\x09\x10\xd1~\
\xcb\xff\x00\x12\xd1u\xf6o;\xce\xba\x8a\x0f\xf5\x9b\x1f\
n\xdf7w\xdd9\xdb\x8e3\x91\xf0\x17\xfc?;\xfe\
\xa8\x9f\xfe]\x7f\xfd\xc5@\x1f\xaa\xb5\xf8\xff\x00\xfbz\
~\xde\x9f\x1d~\x0a\xfe\xd6\x1e:\xf0g\x83<tt\
\x7f\x0d\xe9\xbfa\xfb%\x91\xd2lg\xf2\xfc\xcb\x1by\
_\xe7\x96\x06s\x97\x91\xcf,q\x9c\x0c\x00\x05~\xbe\
FK\xa0$\x8c\xfbr+\xe0?\xda\x8f\xfe\x09J\x7f\
iO\x8e\xde&\xf8\x8f\xff\x00\x0bG\xfe\x11\xcf\xed\xaf\
\xb2\xff\x00\xc4\xb7\xfe\x11\xff\x00\xb5y>M\xacP\x7f\
\xad\xfbRn\xcf\x95\xbb\xee\x8cn\xc78\xc9\x00\xf8\x07\
\xfe\x1e\x8f\xfbN\xff\x00\xd1L\xff\x00\xca\x06\x97\xff\x00\
\xc8\xd5\xca\xfcP\xfd\xbd~;|i\xf0.\xa7\xe0\xdf\
\x19x\xeb\xfbc\xc3z\x97\x95\xf6\xab/\xec\x8b\x08<\
\xcf.T\x95>x\xa0W\x18x\xd0\xf0\xc38\xc1\xe0\
\x91]W\xed\xcf\xfb\x0c\x7f\xc3\x17\x7f\xc2\x13\xff\x00\x15\
\xb7\xfc&?\xf0\x92\xfd\xbb\xfea?a\xfb7\xd9\xfe\
\xcf\xff\x00M\xe5\xdf\xbb\xed\x1e\xd8\xdb\xdf<|\xab@\
\x0e\xa2\x9b_\xaa\x9f\xf0\xe3\x1f\xfa\xad\x7f\xf9j\xff\x00\
\xf7m\x00|]\xf0\xb7\xf6\xf2\xf8\xe9\xf0[\xc0:g\
\x83|\x1b\xe3\xa3\xa3\xf8wL\xf3~\xc9e\xfd\x91a\
8\x8f\xcc\x95\xe5\x7f\x9eX\x19\xce^G<\xb1\xc6p\
0\x00\x15\xc8\xfct\xfd\xa8\xbe'\xfe\xd2\x9f\xd8\x9f\xf0\
\xb1\xfcM\xff\x00\x09\x1f\xf6/\x9f\xf6\x0f\xf4\x0b[_\
'\xce\xf2\xfc\xdf\xf5\x11&\xec\xf9Q\xfd\xec\xe3o\x18\
\xc9\xca\xfe\xd4_\x03\x7f\xe1\x9b>:\xf8\x97\xe1\xcf\xf6\
\xdf\xfc$_\xd8\xdff\xff\x00\x89\x9f\xd9~\xcb\xe7y\
\xd6\xb1O\xfe\xaf{\xed\xc7\x9b\xb7\xef\x1c\xed\xcf\x19\xc0\
\xf5?\xd8s\xf6\x1b?\xb6q\xf1\xae<j<\x1e<\
6,\xbf\xe6\x15\xf6\xef\xb4\x1b\x8f?\xfe\x9bE\xb7o\
\xd9\xfd\xf3\xbb\xb69\x00?\xe0\x97\x9f\xf2}\x1f\x0c\xbf\
\xee'\xff\x00\xa6\xcb\xba\xfd\xfe\x1d+\xf3\xf7\xf6]\xff\
\x00\x82T\x9f\xd9\xbb\xe3\xa7\x86>#\x7f\xc2\xcf\xff\x00\
\x84\x8b\xfb\x17\xed?\xf1,\xff\x00\x84\x7f\xec\xbew\x9d\
k,\x1f\xeb~\xd4\xfbq\xe6\xee\xfb\xa7;q\xc6r\
?@\x87J\x00\xf9\xff\x00\xe1g\xec'\xf0;\xe0\xa7\
\x8e\xec\xbc_\xe0\xcf\x05\x1d\x1b\xc4V+\x22[\xde\xff\
\x00k\xdfO\xb0H\x85\x1f\xe4\x96vC\x95f\x1c\x83\
\xf9\xd7\xaf\xff\x00\xcc\xdb\x7f\xff\x00^6\xbf\xfa2\xe2\
\xbe&\xfd\x96\xbf\xe0\xa9\x7f\xf0\xd3_\x1b\xf4\x1f\x87\xc3\
\xe1\x8f\xfc#\x9f\xda\xabr\xdf\xda?\xdb\xff\x00j\xf2\
\xfc\xaby%\xff\x00W\xf6d\xdd\x9d\x98\xfb\xc3\x19\xcf\
=+\xed\x93\xc7\x8bu\x0f\xfa\xf1\xb5\xff\x00\xd1\x97\x14\
\x01q\xc0pC\x0d\xc0\xf0A\xaf\x10\xf1\x14^!\xf8\
K\xe2M+\xc3~\x03\x96\xd6k\x1f\x13K,vZ\
]\xf9b\xba\x16\xc5\xdf-\xc4!G\xcfn\xa3h\xf2\
I\x5c;\x22\xab\x05l/\xb9W\x99\xfc]\xcf\x84\xf5\
-\x07\xc7\xd1H\xf1\xa6\x8c\xedg\xaa*\xae\xe0\xfal\
\xee\x82f?\xdd\xf2\x9db\x98\xb7\xf7cq\xde\x80:\
\x7f\x04x6\xd3\xc1:CZ[\xbc\xb7W3Hn\
//\xee[|\xf7s67I#w$\x8e\x83\x01\
@U\x00\x05\x00n\xcdm\x1d\xc2\xed\x96$\x95}\x1c\
\x02*q\x82O\xe7K\x8a\x00\x8e8V4\x0a\xaa\x15\
@\xc0P0\x05IE\x14\x00Q\x9a(\xa0\x0e[[\
\xf0(\xd4<W\xa3x\x8e\xc2\xf8\xe9\xba\xa5\x890N\
\xdbw%\xe5\xa3\x10^\x09\x17#\x8c\x80\xc8\xddQ\x87\
\x00\x86`z\xb3M\xa2\x802\xfc$3\xab\xf8\xaf\xfe\
\xc2i\xff\x00\xa4v\xd5\x99\xe3\xcf\x85\xbe\x18\xf8\xd3\xe0\
-_\xc1\xbe2\xd3?\xb6<5\xa9\x98\xbe\xd5e\xf6\
\x89`\xf3<\xb9VT\xf9\xe2eq\x87\x8d\x0f\x0c:\
`\xf7\x15\xa7\xe1\x0f\xf9\x0b\xf8\xaf\xfe\xc2i\xff\x00\xa4\
v\xd5\xc1\xfe\xd1\xff\x00\x1c\xff\x00\xe1\x9a\xfe\x03\xf8\x9f\
\xe20\xd1?\xe1\x22:9\xb6\xff\x00\x89i\xbb\xfb/\
\x9d\xe7]E\x07\xfa\xdd\x8f\xb7\x1en\xef\xbas\xb7\x1c\
g \x03\xce?\xe1\xd7?\xb3\x17\xfd\x13?\xfc\xaf\xea\
\x9f\xfc\x93_S\xd7\xe5o\xfc?4\xff\x00\xd1\x14\xff\
\x00\xcb\xaf\xff\x00\xb8\xab\xf5K\x06\x80?!?o?\
\xdb\xcf\xe3\x9f\xc1\x8f\xda\xaf\xc7>\x0e\xf0o\x8eN\x8f\
\xe1\xdd7\xec&\xd2\xcb\xfb\x22\xc2q\x18\x92\xc2\xdeW\
\xf9\xe5\x81\x9c\xe5\xe4s\xcb\x1cg\x03\x00\x01_>\xff\
\x00\xc3\xd1?i\xbf\xfa)c\xff\x00\x04\x1a_\xff\x00\
#W\xe8\x07\xedC\xff\x00\x04\xa5\xff\x00\x86\x92\xf8\xe9\
\xe2o\x88\xdf\xf0\xb4?\xe1\x1d\xfe\xda\x16\xa3\xfb7\xfe\
\x11\xef\xb5y>M\xac0\x7f\xac\xfbRn\xcf\x95\xbb\
\xee\x8cn\xc78\xc9\xf2\xaf\xf8q\x97\xfdV\xbf\xfc\xb5\
?\xfb\xb6\x80>*\xf8\xa3\xfby\xfcu\xf8\xd1\xe0M\
O\xc1\xbe2\xf1\xc0\xd6<7\xa9y_k\xb2\xfe\xc8\
\xb0\x83\xcc\xf2\xe5IS\xe7\x8a\x05q\x87\x8d\x0f\x0c3\
\x8c\x1e\x09\x15\xe05\xf7\xff\x00\xedA\xff\x00\x04\xa4\x1f\
\xb3o\xc0\xcf\x13|F?\x14\xbf\xe1!\xfe\xc6\xfb7\
\xfcK\x7f\xe1\x1e\xfb/\x9d\xe7\x5c\xc5\x07\xfa\xcf\xb5>\
\xdcy\xbb\xbe\xe9\xce\xdcq\x9c\x8f\x80\xe8\x03\xea\x8f\xf8\
z/\xed9\xff\x00E0\x7f\xe0\x83L\xff\x00\xe4j\
?\xe1\xe8\xbf\xb4\xe7\xfd\x14\xc1\xff\x00\x82\x0d3\xff\x00\
\x91\xab\xe5l\xd1@\x1e\xa9\xf1\xd3\xf6\xa2\xf8\x9d\xfbJ\
\x7fb\x7f\xc2\xc7\xf17\xfc$_\xd8\xbe\x7f\xd8?\xe2\
_kk\xe4\xf9\xde_\x9b\xfe\xa2$\xdd\x9f*?\xbd\
\x9cm\xe3\x199\xe4\xfe\x18|O\xf1/\xc1\xaf\x1c\xe9\
\x9e1\xf0v\xa7\xfd\x8f\xe2=7\xcd\xfb%\xef\xd9\xe2\
\x9f\xcb\xf3\x22x\x9f\xe4\x95Y\x0eRG\x1c\xa9\xc6r\
0@5\xef\xff\x00\xb0\xdf\xec8\x7fl\xe6\xf1\xa8\xff\
\x00\x84\xd4x<xo\xec_\xf3\x0a\xfbq\xb8\xfbG\
\x9f\xff\x00M\xa2\xdb\xb7\xc8\xf7\xce\xee\xd8\xe7\xea\xb1\xff\
\x00\x044\xc8\xff\x00\x92\xd4\x7f\xf0\x94\xff\x00\xee\xda\x00\
\xf9[\xfe\x1e\x89\xfbM\xff\x00\xd1M?\xf8!\xd3?\
\xf9\x1a\xbfTG\xfc\x12\xff\x00\xf6d.Y\xbe\x1a\x06\
bI\xcf\xf6\xee\xa7\xcf\xe0.q_+\xff\x00\xc3\x8c\
\xff\x00\xea\xb5\x1f\xfc%\x07\xff\x00&\xd27\xfc\x17\x17\
\x93\x8f\x82\x99\x1f\xf65c\xff\x00l\xa8\x03\xf4\xa3\xe1\
w\xc2\xdf\x0b\xfc\x16\xf06\x9b\xe0\xef\x06\xe9cF\xf0\
\xe6\x9b\xe6\xfd\x96\xc8O,\xfe_\x99+J\xff\x00<\
\xac\xcer\xee\xc7\x968\xce\x06\x00\x02\xbe,\xff\x00\x82\
\xac\xfe\xd4\x7f\x13\x7ff\xb1\xf0\xbf\xfe\x15\xc7\x89\xbf\xe1\
\x1d:\xd7\xf6\xa7\xdb\xff\x00\xd0-n\xbc\xef'\xec\x9e\
_\xfa\xf8\x9fn<\xd9>\xee3\xbb\x9c\xe0c\xea\x9f\
\xd9s\xe3\x97\xfc4\x9f\xc0\xbf\x0d\xfcF\xfe\xc4\xff\x00\
\x84w\xfbd\xdd\x01\xa6\xfd\xaf\xed^W\x93s,\x1f\
\xeb6&\xec\xf9[\xbe\xe8\xc6q\xce2|\xab\xf6\xe6\
\xfd\x86\x7f\xe1\xb4\x7f\xe1\x09\xff\x00\x8a\xdb\xfe\x10\xef\xf8\
F\xbe\xdd\xff\x000\x9f\xb7}\xa7\xed\x1fg\xff\x00\xa6\
\xf1l\xdb\xf6\x7f|\xee\xed\x8e@?+?\xe1\xe8\xbf\
\xb4\xe7\xfd\x14\xcf\xfc\xa0i\x9f\xfc\x8dI\xff\x00\x0fD\
\xfd\xa7?\xe8\xa5\x8f\xfc\x10i\x7f\xfc\x8d_U\x7f\xc3\
\x8c\xff\x00\xea\xb6\x7f\xe5\xa9\xff\x00\xdd\xb4\x7f\xc3\x8c\xff\
\x00\xea\xb6\x7f\xe5\xa9\xff\x00\xdd\xb4\x01\xfa\xadE\x14P\
\x01E\x14P\x01E\x14P\x01_*\xff\x00\xc1Q\xff\
\x00\xe4\xc4\xfe&\xff\x00\xdc3\xff\x00N\x96\x95\xf5U\
|\xab\xff\x00\x05G\xff\x00\x93\x13\xf8\x9b\xff\x00p\xcf\
\xfd:ZP\x07\xe0\x0d\x14Q@\x1f\xaf\xdf\xb0g\xed\
\xe7\xf0+\xe0\xb7\xec\x9d\xe0_\x06\xf8\xcf\xc7?\xd8\xde\
$\xd3~\xdf\xf6\xab/\xec\x8b\xf9\xfc\xbf2\xfe\xe2T\
\xf9\xe2\x81\x90\xe5$S\xc3\x1cg\x07\x90E{\xf7\xfc\
=\x17\xf6b\xff\x00\xa2\x9b\xff\x00\x94\x0dS\xff\x00\x91\
\xab\xf0\x10\x9c\xd2P\x07\xeb\xef\xed\xe9\xfbz|\x09\xf8\
\xd1\xfb'\xf8\xe7\xc1\xbe\x0d\xf1\xd7\xf6\xcf\x895/\xb0\
\xfd\x92\xcb\xfb\x22\xfe\x0f3\xcb\xbf\xb7\x95\xfey`T\
\x18H\xdc\xf2\xc38\xc0\xe4\x81_\x90TQ@\x1f\xd5\
:\xa8P\x00\x18\x02\xbc\x07\xe2\x97\xed\xe9\xf0+\xe0\xaf\
\x8e\xb5/\x06\xf8\xcf\xc7?\xd8\xde$\xd3\xbc\xa3ue\
\xfd\x91\x7f?\x97\xe6D\x92\xa7\xcf\x14\x0c\x87)\x22\x9e\
\x18\xe38<\x82+\xde\x8a\xb6\xe1\xf8w\xaf\xc0_\xf8\
*/\xfc\x9fG\xc4\xbf\xfb\x86\x7f\xe9\xb2\xd2\x80>\xab\
\xfd\xb9\xff\x00\xe3e\x1f\xf0\x84\xff\x00\xc38\xff\x00\xc5\
\xc5\xff\x00\x84/\xed\xdf\xdb\xdf\xf3\x0b\xfb\x1f\xdb>\xcf\
\xf6o\xf8\xfe\xf2<\xcd\xff\x00d\xb8\xff\x00W\xbbn\
\xcf\x9b\x1b\x97?*\xff\x00\xc3\xae?i\xdf\xfa&_\
\xf9_\xd2\xff\x00\xf9&\xbe\xa9\xff\x00\x82\x18\x9c\x7f\xc2\
\xec\xff\x00\xb8'\xfe\xdf\xd7\xea\xad\x00~\x00\xff\x00\xc3\
\xae?i\xdf\xfa&_\xf9_\xd2\xff\x00\xf9&\xbf\x7f\
\xa8\xa2\x80?\x00\x7f\xe0\xa8\x7f\xf2|\xdf\x12\xbf\xee\x1b\
\xff\x00\xa6\xbbJ\xfa\xab\xfe\x08h3\xff\x00\x0b\xab>\
\xba'\xfe\xdf\xd7\xca\xbf\xf0TO\xf9>\xbf\x89\x7f\xf7\
\x0c\xff\x00\xd3]\xa5}W\xff\x00\x045\xeb\xf1\xab\xeb\
\xa2\x7f\xed\xfd\x00~\xa9`R\xd1HzP\x07\xe4_\
\xec\x05\xfb\x0b|p\xf8'\xfbS\xf8C\xc5\xbe4\xf0\
A\xd1|;\xa7\xc5|\xb7\x17\xbf\xda\xb63\xeci-\
%\x8d>H\xa7g\xe5\x99G\x00\xf5\xe7\x02\xbfT\xdb\
\xfeF\xddC\xfe\xbc\xad\x7f\xf4e\xc5n?\xfa\xf8\xfe\
\x95\x86\x7f\xe4m\xd4?\xeb\xc6\xd7\xff\x00F\x5cP\x07\
\x84x\x9f\xc7^'o\x8d\x1a\xe5\xb4>7\xb1\xf0f\
\x9b\xa34\x10\xc1i\x7f\xa0\xdc^G\xa9\xa3\xc1\x1c\x86\
G\x90\xca\x8b\xf2\xbb\xb2\x8f(\x86\xf9~bF\x05a\
_x\xa7\xc5\xda\x97\x84~)\xe8O\xe3\x0b_\x11\xcd\
skn\xb6:\xcah\x92Z\xc5o5\xdc\x86\xdf\xec\
\xa1$g\x8aU\x5c)\x01N~c\xbb\x93\x9a\xec\xbe\
\x22hZ\xc5\x87\x8b\x22\xbf\xb6\xd7|8\xda>\xab,\
\xd6\xf7\xf6\x1a\xd6\xa7-\x94\x82W\xf2\x16\xd3\xec\xae\x88\
\xfbdO$\x9e\x9d\x5c\x91\xcf5\xb3\x17\x85\xb5\xadT\
]K\xabx\x8fM\x86i\xedb\xb5\x9a8e\xfbB\
\xc4\x89\xb0\xac\xd1\xbb*\x010a3\xee\xd8\x00i\x13\
\xfb\x83 \x1f.\xdc|H\xf8\x83\xe0?\x0a\xf83[\
\xd4\xfcg\xad\x1b--l\xade\xb2w\xd3\xe3\x8fU\
\xb5\xbc\x91\xa0\xb6\x99\xdd\x04\x8d\x1b\xa3G\x13>y\xda\
d*\xc0\x82k\xd8\xfe(x\xfb\xe2\x1e\x8d\xe2\x8f\x07\
C\xa0j\xef}\xa1\xdf\xe9\xb3E\x1d\xd5\x96\x94\x97r\
^:\xa3\x19\xee&\xdfu\x02\xc0\x91\xaa\xc6U\xd4\x92\
\xcd#\x0c\x11\x81S\xe8>\x06\x9d\xb5=OO\xbe\xb9\
\xf04v\x0d\xa8\xde[\xc1y\xa7\x5c\x81v\xb6\xc6o\
8&\xc3\x10\xc4\xe9m0\x8fr\xbf\xca\xae\x1b\xeb\xde\
\xeb\x1a\x1aE\xa3\xf8v\xdbS\xd5t{\x0d2-9\
4\xcf\xedH'X|\xf8\xe5\xf2\xd5\xe2\x86<\x04\x8f\
\xcc\xd8\x8a\xac\x18\x91\x92\x14\x03\x83@\x1eM\xf0\xe7\xe2\
w\xc4]'\xc6\xb7\xcf\xe2\x8dR}[\xc3~\x1b\xd1\
\x16MZk\xfd*+I\x1e#\x1c\xcf\x0d\xd4\x06\x0b\
\xb9\xd2s)\x84\xa3p\x0a\x90\x02\x81\x96\xa5\xba\xf1\x8f\
\xc5\xcb\xad\x1f\xc1\xba\xcf\x875\x8bk'\x9fJ\xd2#\
{Mj\xc8\xdcC}-\xd4\xd6\xb1\xcfr\xfbdF\
B\x86\xe3\x08\x07\xde1\xcb\xbb\x8d\xb5\xdf|-\xf0\xf6\
\xb3o\xa8Mky\xaa\xf8x\xc9\xa4\xcd%\x9c\xf2\xe8\
\xb7\xcf,\x92\xc0<\xf7\xb5\x82h\x99\x00\x8d\x91.\xd5\
\xd8\x879*\xbc`\xd3d\xd0\xed\xad,\xb4=/\xfb\
wD\x92\xee\xd6\x1d\x1e;\xe5\x96\xf4+Z\xc5g2\
M\x98\xd4\x03\x92\xec\xae9)\xc6\xdf\xee\xe2\x809\xe8\
>+\xf8\x92\xf8\xf8wD\xd5u\x1bY5k\xcb\xab\
\x8b\xa9?\xb3\xe2{7\xfe\xcf\x17pX\x05\x91\x04\xae\
\xd1\xca\x1e\xe9\x89\xda\xf8\x0f\x07\x1d+\xb9\xf1\x87\x85\xbc\
M\xa2\xddx3P\xb3\xf1\xb6\xa5\xb2\xdfY\x82\x0dF\
\xcaX\xe1hu\x0byO\x96\x11\x86\xcc\xa3\x83\xb1\xb7\
!PH<\x0c\x8c3\xc5\x1f\x0f!o\x15h\xf70\
_\xd9\xdb4\xf3\xcf:%\xc9*\xf2\xb3^\xd9]\xb2\
\xc7\x80wqm3c\xae_\xa63\x8e\x83\xc57\xd2\
x\x8a\xeb\xc31\xe9S\xe9w:]\xe4\xf0\xdf%\xd3\
^\xb0\x92E\x88\x89\x7ft\x8b\x1b+\x82\xa3\xefoP\
3\xde\x80;\x901K\x5c\x9d\xcf\xc5\xcf\x03X<\x91\
\xddx\xcbA\xb6\x926(\xf1\xcd\xa9\xc0\xac\xa4u\x04\
\x17\xad_\x0cx\xb7D\xf1\xae\x985/\x0f\xea\xf6\x1a\
\xe6\x9c]\xa3\x17zm\xca\x5cDXu]\xe8H\xc8\
\xc8\xc8\xcf\x14\x00\xff\x00\x08\x7f\xc8_\xc5\x7f\xf6\x13O\
\xfd#\xb6\xaf\x17\xfd\xb9>\x17x\x9f\xe3O\xec\x9b\xe3\
\x8f\x06x3L\xfe\xd9\xf1&\xa6l\xbe\xc9e\xf6\x88\
\xa0\xf3<\xbb\xfby_\xe7\x95\x95\x06\x127<\xb0\xe9\
\x81\xd8W\xb4xD\xe3V\xf1Y\xff\x00\xa8\x9a\x7f\xe9\
\x1d\xb5l\xe9#\xfd\x1c\x1f\xaf\xf3\xa0\x0f\xc0\xff\x00\xf8\
u\xc7\xed;\xff\x00D\xcb\xff\x00+\xfa_\xff\x00$\
\xd7\xea\x9f\xfc=\x0f\xf6e\xff\x00\xa2\x94?\xf0E\xa9\
\xff\x00\xf25}W_\xca\xbd\x00~\xfe\xff\x00\xc3\xd0\
\xff\x00f_\xfa)C\xff\x00\x04Z\x9f\xff\x00#W\
\xaa\xfc\x0b\xfd\xa8~\x19~\xd2\x7f\xdb\x7f\xf0\xae|J\
<E\xfd\x8b\xe4}\xbf\xfd\x06\xea\xdb\xc9\xf3\xbc\xcf/\
\xfd|I\xbb>T\x9fw8\xdb\xce23\xfc\xd6\x8e\
\xb5\xfa\xad\xff\x00\x043\xe9\xf1\xaf\xfe\xe0\x9f\xfb\x7f@\
\x1fg\xfe\xde\xff\x00\x0c<K\xf1\x93\xf6S\xf1\xb7\x83\
\xbc\x1d\xa6\xff\x00lx\x93S\xfb\x10\xb4\xb1\xfbDP\
y\xbe]\xec\x12\xbf\xcf+*\x0c$nya\x9c`\
d\x90\x0f\xe47\xfc:\xf7\xf6\x9b\xed\xf0\xcd\xbf\xf0\x7f\
\xa5\xff\x00\xf2M~\xfc\xban#\xda\x8a\x00\xfeW\x99\
B\x97V\xc0`q\xd6\x9b\xb7\x82A\x14\xee9\xf9r\
\x7f\xfdt\xd0\x1b\x18\x03\xde\x80>\xfd\xff\x00\x82S\xfe\
\xd4?\x0c\x7ff\xd6\xf8\xa0~#\xf8\x94xw\xfbg\
\xfb/\xec\x1f\xe8\x177^w\x93\xf6\xbf3\xfdDO\
\xb7\x1el\x7f{\x19\xdd\xc6pq\xf7\xf7\xfc=\x1f\xf6\
d\xff\x00\xa2\x94\x7f\xf0C\xa9\xff\x00\xf25~\x02\x0e\
\x94P\x07\xef\xdf\xfc=\x1f\xf6d\xff\x00\xa2\x94\x7f\xf0\
C\xa9\xff\x00\xf25~\x04J\xe0\xb3ml\xe4\xe4\x1c\
c\xbdGK\x9a\x00\xfd{\xfd\x83?o/\x81\x9f\x05\
?e\x0f\x03x3\xc6~7\xfe\xc6\xf1&\x9b\xf6\xe3\
udt\x9b\xe9\xbc\xbf2\xfa\xe2T\xf9\xe2\x81\x90\xe5\
$C\xc3\x1cg\x07\x04\x10=\xfb\xfe\x1e\x8d\xfb2\x7f\
\xd1J_\xfc\x11j\x7f\xfc\x8d_\x80tP\x07\xf4M\
\xf0\xc3\xf6\xf6\xf8\x15\xf1\x9b\xc7:g\x83\xbc\x1d\xe3\x81\
\xacx\x8fR\xf3~\xc9e\xfd\x93}\x07\x99\xe5\xc4\xf2\
\xbf\xcf,\x0a\x83\x09\x1b\x9eH\xce02H\x15\xf4\x08\
\xfaW\xe0\x17\xfc\x12\xeb\xfeO\xa7\xe1\x97\xfd\xc4\xff\x00\
\xf4\xd9w_\xbf\xd4\x00QE\x14\x00QE\x14\x00Q\
E\x14\x00W\xca\xbf\xf0T\x7f\xf91?\x89\xbf\xf7\x0c\
\xff\x00\xd3\xa5\xa5}U\x5c\x97\xc5/\x85\xde\x18\xf8\xd1\
\xe0}G\xc1\xde2\xd3?\xb6<9\xa8\xf9\x7fj\xb2\
\xfbD\xb0y\x9e\x5c\xa9*|\xf12\xb8\xc3\xc6\x87\x86\
\x19\xc6\x0eA\x22\x80?\x98J+\xf7\xfb\xfe\x1dw\xfb\
1\x7f\xd12\xff\x00\xca\xf6\xa9\xff\x00\xc94\x7f\xc3\xae\
\xff\x00f/\xfa&_\xf9^\xd5?\xf9&\x80?\x00\
h\xaf\xdf\xef\xf8u\xdf\xec\xc5\xff\x00D\xcb\xff\x00+\
\xda\xa7\xff\x00$\xd7\xc0\x1f\xf0U\xbf\xd9w\xe1\x87\xec\
\xd9\xff\x00\x0a\xbb\xfe\x15\xc7\x86\x7f\xe1\x1c\xfe\xda\xfe\xd4\
\xfb\x7f\xfa}\xd5\xd7\x9d\xe4\xfd\x93\xca\xff\x00_+\xed\
\xc7\x9b'\xdd\xc6ws\x9c\x0c\x00|\x01E\x14P\x07\
\xf5NG4W\xe0\x1f\xfc=\x1f\xf6\x9c\xff\x00\xa2\x99\
\xff\x00\x94\x0d3\xff\x00\x91\xa8\xff\x00\x87\xa3\xfe\xd3\x9f\
\xf4S\x07\xfe\x084\xcf\xfeF\xa0\x0f\xdf\xb0\xa0\xf5;\
\xbe\xb5\xf2\xaf\xfc\x15\x14\xff\x00\xc6\x0a|L\xff\x00\xb8\
o\xfe\x9d-+\xf2\xbb\xfe\x1e\x8f\xfbN\x7f\xd1L\x1f\
\xf8 \xd3?\xf9\x1a\xbdS\xf6\x5c\xfd\xa8\xfe'~\xda\
?\x1d\xbc3\xf0k\xe3'\x89\xbf\xe11\xf8m\xe2_\
\xb5\x7fj\xe8\x9f`\xb5\xb1\xfbO\xd9\xede\xba\x87\xf7\
\xd6\xb1E2m\x9a\xde'\xf9\x1cgn\x0eT\x90@\
>\x03;\xb7\x0e};\xd7\xf5K_*\xff\x00\xc3\xae\
?f/\xfa&\x7f\xf9_\xd5?\xf9&\xbf+\xff\x00\
\xe1\xe8\xdf\xb4\xcf\xfd\x14\xcf\xfc\xa0i\x7f\xfc\x8f@\x11\
\xff\x00\xc1Q?\xe4\xfb>%\xff\x00\xdc3\xff\x00M\
v\x95\xf2\xbbw\xae\xb3\xe2\x7f\xc4\xff\x00\x12\xfce\xf1\
\xce\xa7\xe3\x1f\x18j_\xdb\x1e#\xd4\xbc\xaf\xb5^\xf9\
\x11A\xe6yq$I\xf2D\xaa\x83\x09\x1a\x0e\x00\xce\
2rI5\xf6\x9f\xfc\x12\x9f\xf6\x5c\xf8a\xfbI\xff\
\x00\xc2\xd1\xff\x00\x85\x8f\xe1\x9f\xf8H\xff\x00\xb1\x7f\xb2\
\xfe\xc1\xfe\x9fuk\xe4\xf9\xdfk\xf3\x7f\xd4J\x9b\xb3\
\xe5G\xf7\xb3\x8d\xbcc' \x1eU\xff\x00\x04\xbd\x0d\
\xff\x00\x0d\xd3\xf0\xcf\x9e?\xe2g\xdf\xfe\xa1wU\xfb\
\xf9_?\xfc/\xfd\x82~\x04\xfc\x18\xf1\xd6\x99\xe3/\
\x07x\x17\xfb#\xc4\x9ag\x98m/N\xaf\x7f?\x97\
\xe6D\xf1?\xc9,\xec\x87)#\x0eT\xe39\x18 \
\x1a\xfa\x02\x80?\x03\x7f\xe0\x95\x7f\xf2|\x1e\x03\xff\x00\
\xae:\x97\xfe\x90O_\xba\x07\xfeF\xddC\xfe\xbcm\
\x7f\xf4e\xc5~\x06\x7f\xc19<ec\xe0_\xdbG\
\xe1~\xa1\xa8\x99\x05\xb5\xcd\xfc\xbaZ\xf9K\xb8\xf9\xb7\
v\xf2\xdbC\xc7\xa7\x9b4y=\x86M~\xf4\xeaR\
\xb6\x99\xe3h\xe5\x97\x8bmF\xd5-\xe3s\xf7D\xb1\
\xb4\x8d\xb3\xea\xc2C\x81\xfe\xc1\xa0\x0f\x9e>(\xf8K\
G\xf8\xbd\xf1\xb6\x7f3\xe1\x94>)\x97\xc0V\xbfk\
\x8e=Z5\xb2\x8fR\xbb\xb8g\x08Q\xe4R%H\
\xc4\x04d\xe5K\xc9\x9f\xe0\xab\x7f\x09|_\xe2o\x13\
~\xce\xa7\xc4\xba\xff\x00\x83-|!\xa8&\x89%\xcf\
\xda-f\xb7\x92Y\xfc\xb0X|\x86\x12\xaa\x1c'p\
q\xe9\xd3\x1e\xed\xe2\x1f\x05\xdak\xf2\xddM%\xde\xa1\
i=\xd5\xb2\xdaJ\xf6w-\x0b\x18\xd4\xc8@\x05y\
\x072\xb7 \xe7\xa6+\x9a\xf0_\xc1O\x0d\xf8\x07\xc1\
SxKI:\x88\xf0\xfc\x96\xd2Z-\x8d\xde\xa15\
\xcaG\x1c\x99\xde\x17\xccf#\xa9\xc6\x0f\x194\x01\xf3\
6\xab\xe1\xdd\x1a_\x02\xc3\xe2\xf2e\xf3\xacn\xa6\xf1\
l)\xe6YN\xbfi\x92\xcd!\x91?|\xcf\x1e\xdd\
\x881\xc7\x0c2\x08\xe0V\xbf\xed\x11y\x8f\x0e\xf8g\
M\xb0\xd3\xff\x00\xe1$\xd6u\xd1\x15\x8aO}\xa4\xbd\
\xeb\xdby\xc8\xf3\xbb\xb4\xca\xbe^\xf5\x1b\xda8\x80Q\
\x80\x00\x0a\xbc\x8f\xa7u?\x86\x9a\x1e\xa1\xe1\xa5\xd0\xd2\
\xca\x1b\x0d8B-\xc4V\x90F\xa0D\x14\xae\xcc\x15\
#n\x0fLT^-\xf8a\xa0\xf8\xcfD\xd2\xb4\x9d\
N\xdb\xce\xb2\xd3&K\x8bT!X$\x89\x1bF\x18\
\x86\x04\x1f\x95\xd8`\x8f~\xd4\x01\xe0\x7f\x02\xb4M7\
D\xd4o\xb4;]$\xe8\x13i\x9a@\x96{\xc94\
\x15\xb7\x91\xe3u1\xef\x5c\xbb\x92\xc0\xa1$09\x07\
\x1c\xe6\xbc\xd1\xf5[\xdb\x0f\x0d\xfcH\xf1=\xa7\x8d\xb5\
\x8d\x0b\xc2\xda'\x8c-\xeen\xaf\xee|#ko\x09\
\x8fe\xb4s'\x94\xc8\xb2;m\x97\x1fp\x03\xb7\xa1\
\xcf?`\xf8[\xe1\x1f\x87|\x13\xa8\xdej:U\xb7\
\x93{wn\xb6\xb2J\x125\xcca\x8b\x01\xf2*\xf3\
\x92y\xa8\xef~\x0e\xf8W\x5c\xd3\xe6\xb1\xd7\xf4\xe5\xf1\
-\xa4\xd2\xb4\xd2A\xab\x9f>)\x1c\xaa\xae\xe6\x8c\x8d\
\x8c\xc0(\xc3\x15\xc8\xe7\x04d\xe4\x03\xc7\xf5\xef\x86\x09\
\xafx{\xc1qj\xfa\xf6\xbc\x13N\xb6[\xb84\xeb\
KMBx\xa1\x99\x98:\x976&#\xbe!\xf2\xc7\
\x96\xc2\x82~S\xc1\x1e[\xfb:h\xfag\x8a\xfe#\
O\xa9\xe8w\xba\xb6\x89\xa6\xf8oUk\x0bh \xb2\
\xd7R\xe2C\xe7#\xdc\xc5p\xb3\xdcM\x04Q\xca\xfb\
X\xa9\xf9\x8f\xca\xcd\xb0\xf1_bh\x9e\x08\xb6\xf0\xe7\
\x87\xe5\xd3,.\xef!\x129qt\xd2\xef\x9c\x1e\x00\
\xcb\xb0;\xb0\xaa\x00\xdd\x9e\x9c\xe6\xb4tO\x0e\xc1\xa0\
Z\xb4Q3\xcc\xd3J\xf3\xcb<\xc4\x19%\x91\x8eY\
\x9b\x00\x0f\xc8\x01\xd0P\x07\x17\xe3K\xed/\xc2\xba\x81\
\xbe\xb3\xf1\x1c\x967\xb3M\xbd\xb4\x83\xba\xf9o{\x18\
\xd2\xd8fM\xd8\xe4\x08\xb1\xcf%XdVW\xec\xcd\
\x7fk\xaa\xf8O\xc4\xb7\xf6~\x18\xb8\xf0|7~$\
\xbf\x9b\xfb*\xee\xdf\xec\xf3!\xdc\xaadx\xff\x00\x84\
\xc8T\xc9\x8f\xf6\xeb\xbb\xb8\xf0E\x84\x1b\x1bHg\xf0\
\xf4\x8a\xcc\xfb\xf4\xa4\x8e-\xe4\x9c\xfc\xeaP\x86\xed\xd4\
z\xd6\x8e\x85\xa1[\xf8oN\x92$\x96GV\x91\xa7\
\x92{\x87\xcb;\x1eK1\xe0\x0f\xa0\x00\x00\x00\x00\x01\
@\x0c\xf0\x97\xfc\x85\xbcW\xff\x00a4\xff\x00\xd2;\
j\xdb\xd2\xbf\xe3\xd8V7\x85bx\xac\xf5]A\xd4\
\xa0\xbe\xb97(\x87\xa8O-#O\xcdcS\xf8\xd6\
\xd6\x981l\xb4\x01r\x8a(\xa0\x0f\xc0/\xf8*?\
\xfc\x9fW\xc4\xcf\xfb\x86\x7f\xe9\xb2\xd2\xbe\xab\xff\x00\x82\
\x1at\xf8\xd7\xff\x00pO\xfd\xbf\xaf\xb4\xfe)~\xc1\
\x7f\x02\xbe5x\xebR\xf1\x97\x8c\xfc\x0d\xfd\xb3\xe2M\
G\xca\x17W\xbf\xda\xf7\xf0y\x9e\x5cI\x12|\x91N\
\xa80\x91\xa8\xe1Fq\x93\xc9&\xbe+\xfd\xb9q\xff\
\x00\x04\xd7>\x09\xff\x00\x86r\xcf\xc3\xa1\xe3A}\xfd\
\xbd\x8f\xf8\x9a}\xb3\xec~G\xd9\x7f\xe3\xfb\xcf\xf2\xf6\
}\xae\x7f\xf5{wo\xf9\xb3\x85\xc0\x07\xea\x9d%~\
\x01\x7f\xc3\xd1\xff\x00i\xdf\xfa)\xbf\xf9@\xd2\xff\x00\
\xf9\x1a\x8f\xf8z?\xed;\xff\x00E7\xff\x00(\x1a\
_\xff\x00#P\x07\xef\xdeW\x9e?J:\xd1\x9a\xfc\
\x84\xfd\xbd?o?\x8e\x7f\x06?j\xbf\x1c\xf8;\xc1\
\xbe9:?\x87t\xdf\xb0\xfd\x92\xcb\xfb\x22\xc2q\x18\
\x92\xc2\xdeW\xf9\xe5\x81\x9c\xe5\xe4s\xcb\x1cg\x03\x00\
\x01@\x1dO\xfc\x173\xa7\xc1O\xfb\x8d\xff\x00\xed\x85\
|\xaf\xff\x00\x04\xbb\xff\x00\x93\xe8\xf8k\xf5\xd4\xbf\xf4\
\xd7w_T~\xc2\xe0\x7f\xc1I\xff\x00\xe16\xff\x00\
\x86\x8d\x03\xe2/\xfc!\x7fa\xfe\xc1\xff\x00\x98_\xd8\
\xfe\xd9\xf6\x8f\xb4\xff\x00\xc7\x8f\x91\xe6o\xfb%\xbf\xfa\
\xcd\xdbv|\xb8\xdc\xd9\xfb[\xe1w\xec\x15\xf0'\xe0\
\xbf\x8e\xf4\xcf\x19x7\xc0\xdf\xd8\xfe$\xd3|\xdf\xb2\
\xde\xff\x00k\xdf\xcf\xe5\xf9\x91<O\xf2K;!\xca\
H\xe3\x958\xceG \x1a\x00\xf7\xc5^\xe6\x9fE\x14\
\x01\xf8\x05\xff\x00\x05G\xff\x00\x93\xea\xf8\x99\xff\x00p\
\xcf\xfd6ZW\xd5?\xf0C.\x9f\x1a\xff\x00\xee\x0b\
\xff\x00\xb7\xf5\xf2\xb7\xfc\x15\x1f\xfeO\xab\xe2g\xfd\xc3\
?\xf4\xd9i^U\xf03\xf6\xa2\xf8\x9b\xfb6.\xb5\
\xff\x00\x0a\xe7\xc4\xbf\xf0\x8e\xff\x00m\x18~\xdf\xfe\x81\
ku\xe7y>g\x97\xfe\xbe'\xdb\x8f6O\xbb\x8c\
\xee\xe78\x18\x00\xfe\x93\x0cj\x18\xb6\xde}qO\xaf\
\xc0S\xff\x00\x05D\xfd\xa7\x07\x1f\xf0\xb3G\xfe\x084\
\xcf\xfeF\xa3\xfe\x1e\x8b\xfbN\x7f\xd1M\x1f\xf8 \xd3\
?\xf9\x1a\x80?\x7fh\xa2\x8a\x00(\xa2\x8a\x00(\xa2\
\x8a\x00+\xca\x7fj?\x8eC\xf6l\xf8\x15\xe2o\x88\
\xe7D\xff\x00\x84\x88h\xbfe\xce\x9b\xf6\xaf\xb2\xf9\xde\
u\xd4P\x7f\xac\xd8\xfbq\xe6\xee\xfb\xa7;q\xc6r\
=Z\xbe~\xfd\xbd\xbe\x18x\x9b\xe3?\xec\xa3\xe3\x8f\
\x06x?M\xfe\xd7\xf1\x16\xa7\xf6\x1f\xb2\xd9\xfd\xa2(\
\x0c\x9e]\xfd\xbc\xaf\xf3\xca\xca\x83\x09\x1b\x9eXg\x18\
\x19$\x0a\x00\xf8\xb3\xfe\x1f\x9d\xff\x00TO\xff\x00.\
\xbf\xfe\xe2\xa3\xfe\x1f\x9d\xff\x00TO\xff\x00.\xbf\xfe\
\xe2\xaf\x95\xbf\xe1\xd7_\xb4\xdf\xfd\x13/\xfc\xaf\xe9\x7f\
\xfc\x93G\xfc:\xeb\xf6\x9b\xff\x00\xa2e\xff\x00\x95\xfd\
/\xff\x00\x92h\x03\xea\x9f\xf8~w\xfdQ?\xfc\xba\
\xff\x00\xfb\x8a\x9a\xcc\x7f\xe0\xb4 \x90\x07\xc1\xef\xf8V\
\xbe\xa7\xfbs\xfbG\xfbC\xff\x00\x01\xbc\xaf/\xec\x1f\
\xed\xee\xf3\x7f\x87o\xcd\xf2\xc7\xfc:\xeb\xf6\x9b\xff\x00\
\xa2e\xff\x00\x95\xfd/\xff\x00\x92k\xef\xcf\xf8%O\
\xec\xb7\xf1;\xf6nO\x8aC\xe27\x86\x7f\xe1\x1b:\
\xd8\xd2\xc5\x87\xfa}\xad\xd7\x9d\xe4\xfd\xaf\xcd\xff\x00Q\
+\xed\xc7\x9b\x1f\xde\xc6wq\x9c\x1c\x00|\xaf\xfbO\
\xff\x00\xc1)?\xe1\x9b\xbe\x05\xf8\x97\xe23|R\xff\
\x00\x84\x83\xfb\x1b\xec\xdf\xf1-\xff\x00\x84\x7f\xec\xdew\
\x9ds\x14\x1f\xeb~\xd4\xfbq\xe6\xee\xfb\xa7;q\xc6\
r>\x02\xaf\xdf\x9f\xf8*\x17\xfc\x98\xbf\xc4\xcf\xa6\x9b\
\xff\x00\xa7;Z\xfc\x06\xa0\x06\xd7\xdf\xff\x00\xb2\xe7\xfc\
\x12\x93\xfe\x1aS\xe0O\x86~#\xff\x00\xc2\xd1\xff\x00\
\x84s\xfbk\xed_\xf1,\xff\x00\x84{\xed^O\x93\
u,\x1f\xeb~\xd4\x9b\xb3\xe5n\xfb\xa3\x1b\xb1\xce2\
|\xab\xfe\x1du\xfbM\x7f\xd14\xff\x00\xca\xfe\x97\xff\
\x00\xc95\xf7\xff\x00\xec\xb9\xfbR|0\xfd\x8b\xbe\x04\
\xf8g\xe0\xd7\xc6O\x13\x7f\xc2\x1d\xf1#\xc3_j\xfe\
\xd5\xd1~\xc1u}\xf6o\xb4]Ku\x0f\xef\xadb\
\x96\x17\xdd\x0d\xc4O\xf29\xc6\xec\x1c0 \x00yW\
\xfc8\xc7\xfe\xabg\xfeZ\x9f\xfd\xdb^\xab\xfb.\x7f\
\xc1)?\xe1\x9a\xfe;xg\xe2?\xfc-\x1f\xf8H\
\xff\x00\xb1~\xd5\xff\x00\x12\xcf\xf8G\xbe\xcb\xe7y\xd6\
\xb2\xc1\xfe\xb7\xedO\xb7\x1en\xef\xbas\xb7\x1cg#\
\xd5\x7f\xe1\xe8\xff\x00\xb3\x17\xfd\x14\xdf\xfc\xa0j\x9f\xfc\
\x8dG\xfc=\x1f\xf6b\xff\x00\xa2\x9b\xff\x00\x94\x0dS\
\xff\x00\x91\xa8\x03\xea\xaa\xfc\xab\xff\x00\x87\x18\xff\x00\xd5\
l\xff\x00\xcbS\xff\x00\xbbk\xea\xaf\xf8z?\xec\xc5\
\xff\x00E7\xff\x00(\x1a\xa7\xff\x00#W\xd5T\x01\
\xfc\xd7~\xd4?\x03\x7f\xe1\x9a\xfe:x\x97\xe1\xcf\xf6\
\xdf\xfc$_\xd8\xbff\xff\x00\x89\x97\xd9~\xcb\xe7y\
\xd6\xb1O\xfe\xaf{\xed\xc7\x9b\xb7\xef\x1c\xed\xcf\x19\xc0\
\xf5\x7f\xd8k\xf6\xe5\xff\x00\x86/\xff\x00\x84\xdb\xfe(\
\x9f\xf8L\x7f\xe1%\xfb\x17\xfc\xc5\xbe\xc3\xf6o\xb3\xfd\
\xa3\xfe\x98K\xbfw\xda=\xb1\xb7\xbexg\xfc\x15\x07\
\xfeO\x9f\xe2W\xfd\xc3\x7f\xf4\xd9i^W\xf0+\xf6\
]\xf8\x9d\xfbI\xff\x00m\xff\x00\xc2\xb9\xf0\xcf\xfc$\
_\xd8\xbeG\xdb\xff\x00\xd3\xedm|\x9f;\xcc\xf2\xbf\
\xd7\xca\x9b\xb3\xe5I\xf7s\x8d\xbc\xe3# \x1f\x7f\xff\
\x00\xc3\xf2\xff\x00\xea\x8a\x7f\xe5\xd7\xff\x00\xdcT\x7f\xc3\
\xf2\xff\x00\xea\x8a\x7f\xe5\xd7\xff\x00\xdcU\xf1_\xc5?\
\xd87\xe3\xa7\xc1o\x02j^2\xf1\x97\x81\xff\x00\xb1\
\xbc7\xa7yB\xea\xf7\xfb^\xc2\x7f/\xcc\x95\x22O\
\x92)\xd9\xce^E\x1c)\xc6rp\x015\xf3\xf6I\
\xa0\x0f\xd5\x04\xff\x00\x82\x1c\xb0Q\xff\x00\x17\xa7-\xdf\
\x1e\x15\xe0\x1f\xfc\x0d\xaf\xa5\xfc%\xfbb\xf8\x1f\xc1^\
8\xd4\xfe\x01|h\xf1m\xb4^0\xf0\xf46\xd6\xc7\
\xc5\x9a\x9c\x02\xc3O\xd6\xd0\xd9\xc5p\xb3;\xb4\x8e-\
\xa7\x01\x88m\xee\x15\x9d\x03F\xc0\xc8\x22MT\xff\x00\
\x82\x9f\xfe\xcc\xa4\x7f\xc9J\xcf'\xfe`Z\xa7\xff\x00\
#W\xe4\x1f\xed\xe9\xf1?\xc3?\x19?j\x9f\x1bx\
\xbf\xc1\xda\x9f\xf6\xcf\x875#dm/~\xcf,\x1e\
g\x97co\x13\xfc\x92\xaa\xb8\xc3\xc6\xe3\x95\x19\xc6G\
\x04\x1a\x00\xfd\xfc\xd2\xbc.\xabm\x15\xc6\x99\xe2MF\
K\x09\xa3W\x83\xcb\x92\x09\xa3\xf2\xc8\xca\x94f\x8d\x8b\
.\x08\xc1\xc9\xe3\xbd_\xff\x00\x84z\xe8\x8e|A\xa9\
\x7f\xdf\x16\xdf\xfcf\xbf\x14?\xe0\x9a\x7f\x1f>\x18\xfc\
\x10\x8f\xe2J\xfcG\xf1(\xf0\xf7\xf6\xaf\xf6o\xd8?\
\xd0n\xaeL\xdeW\xda\xbc\xdcy\x11\xbe\xdcy\x89\xf7\
\xb1\x9d\xdcg\x07\x1e\xd5\xfbc~\xd7_\x04~\x22~\
\xce~/\xf0\xff\x00\x82\xbcu.\xa7\xe2{\xbf\xb2\x1b\
\x1bd\xd3o\xed\xcb\x14\xbc\x81\xe4\xfd\xe4\x90\xaa\x8f\xdd\
\xab\x9eXgn\x07$P\x07\xea!\xf0\xdd\xd1\xff\x00\
\x99\x87R\xff\x00\xbe-\xbf\xf8\xcd\x1f\xf0\x8d]\x7f\xd0\
\xc1\xa9\x7f\xdf\x16\xdf\xfcf\xbf\x98O\xed\xadC\xfe\x7f\
\xee\x7f\xef\xf3\xff\x00\x8d}C\xff\x00\x0e\xdc\xfd\xa9\xff\
\x00\xe8B\xbd\xff\x00\xc2\x82\xc3\xff\x00\x92h\x03\xf7g\
\xfe\x11\x9b\x9f\xfa\x185/\xfb\xe2\xdb\xff\x00\x8c\xd1\xff\
\x00\x08\xcd\xcf\xfd\x0c\x1a\x97\xfd\xf1m\xff\x00\xc6k\xe6\
\x0f\xd8\xfb\xf6{\xf1G\xc3\xef\xd9\xd7\xc2^\x1d\xf1\x9e\
\x99>\x99\xe2{O\xb5\x9b\xcbw\xb9[\x82\x9b\xef&\
x\xff\x00y\x1b2\x9c\xc6\xc8xc\x8c\xe0\xe0\x82+\
\xe4O\xf8,>\x87q\xe0\xbf\xf8T\x9eE\xc4\xf0\x0b\
\x93\xab\xef\xf2\xe4e\xc8_\xb1{\xff\x00\xb4h\x03\xf5\
k\xfe\x11\x9b\x9f\xfa\x185/\xfb\xe2\xdb\xff\x00\x8c\xd1\
\xff\x00\x08\xcd\xcf\xfd\x0c\x1a\x97\xfd\xf1m\xff\x00\xc6k\
\xf9\xb0\xf8e\xe0\xff\x00\x1a\xfcg\xf1\xc6\x99\xe0\xdf\x06\
\xc1s\xac\xf8\x8bR\xf3~\xc9c\xf6\xc5\x87\xcc\xf2\xe2\
y_\xe7\x91\xd5\x06\x127<\x91\xd3\x03\xb0\xafz\xff\
\x00\x87n~\xd5\x1f\xf4 \xdd\x7f\xe0\xff\x00O\xff\x00\
\xe4\x9a\x00\xfd\xd5\xff\x00\x84f\xe4\xff\x00\xcc\xc1\xa9\x7f\
\xdf\xbbo\xfe3Q\xcd\xa1YX\xaa\xcb\xa9\xea2\xdd\
D\x0e\x17\xed\xce\x8b\x18?\xee\xaa\xaa\x9f\xc4\x1a\xfea\
\xff\x00\xb6\xf5\x03\xd2\xf6\xe3\xfe\xfe\xb7\xf8\xd7\xeaG\xec\
S\xfb`|\x0b\xf8Y\xfb;xGC\xf1\xd7\x8eF\
\x9d\xe2\x8bQvo-\x9fK\xbe\xb9u\xdfw3\xc7\
\x97\x8e\x06V\xccl\x87\x868\xce\x0e\x08\x22\x80>\x88\
\xfd\xb6\xbfo\x08\xbfet\xf0\x84V\x9e\x0co\x15Z\
k\xdfk\xcc\x87S\xfb\x09\x8c\xdb\xf9\x1c\x01\xe4\xc9\xb8\
\x1f<u\xdaF\xda\xf9\xd6/\xf8.\x18\x82 \x83\xe0\
\xaep?\xe8k\xff\x00\xee*\xcf\xfd\xb3\xf4\xf8\xff\x00\
\xe0\xa2\x09\xe0\xc5\xfd\x9cT\xfcC\xff\x00\x848^\x7f\
n\x80?\xb3>\xc7\xf6\xbf#\xec\xdc^\xf9>f\xff\
\x00\xb2\xcf\xfe\xafv\xdd\x9f67.~=\xf8\x9f\xfb\
\x09|s\xf85\xe0mO\xc6>2\xf0?\xf67\x87\
4\xef+\xedW\xbf\xda\xf63\xf9~d\xa9\x12|\x91\
N\xcer\xf2 \xe1O\x5c\x9e\x01 \x03\xed#\xff\x00\
\x05\xca\xc1\xff\x00\x92)\xff\x00\x97_\xff\x00qW\xea\
\xa5\x7f+G\x9a\xfe\xa9h\x03\xe0\x0f\xda\x93\xfe\x0a\xb3\
\xff\x00\x0c\xd5\xf1\xd7\xc4\xbf\x0e?\xe1W\x7f\xc2G\xfd\
\x8d\xf6S\xfd\xa7\xff\x00\x09\x0f\xd9|\xef:\xda)\xff\
\x00\xd5}\x95\xf6\xe3\xcd\xdb\xf7\x8ev\xe7\x8c\xe0yC\
1\xff\x00\x82\xd10\x00\x0f\x83\xc3\xe1\xb7^\x7f\xb7?\
\xb4\x7f\xb4?\xf0\x1b\xca\xf2\xfe\xc1\xfe\xde\xef7\xf8v\
\xf3\xcb~\xde\xbf\xb0W\xc7o\x8d?\xb5\x8f\x8e|e\
\xe0\xdf\x03\x7fl\xf8oR\xfb\x0f\xd9/\x7f\xb5\xec \
\xf3<\xbb\x0bx\x9f\xe4\x96uq\x87\x8d\xc7*3\x8c\
\x8e\x085\xef\xdf\xf0Jo\xd9o\xe2w\xec\xd7\xff\x00\
\x0bD\xfcG\xf0\xc7\xfc#\x87Z\xfe\xcb\xfb\x07\xfa}\
\xad\xd7\x9d\xe4\xfd\xaf\xcd\xff\x00Q+\xed\xc7\x9b\x1f\xde\
\xc6wq\x9c\x1c\x00|\xaf\xfbP\x7f\xc1)\x07\xec\xdd\
\xf03\xc4\xdf\x11\x8f\xc5/\xf8H\x7f\xb1~\xcd\xff\x00\
\x12\xdf\xf8G\xbe\xcb\xe7y\xd71A\xfe\xb3\xedO\xb7\
\x1en\xef\xbas\xb7\x1cg#\xe0*\xfe\x88\x7foo\
\x86\x1e%\xf8\xc9\xfb)\xf8\xdb\xc1\xde\x0e\xd3\x7f\xb6<\
I\xa9\xfd\x88ZX\xfd\xa2(<\xdf.\xf6\x09_\xe7\
\x95\x95\x06\x127<\xb0\xce02H\x07\xf2#\xfe\x1d\
{\xfbM\x7f\xd12o\xfc\x1f\xe9\x7f\xfc\x93@\x1fT\
\x7f\xc3\xf2\xff\x00\xea\x8a\x7f\xe5\xd7\xff\x00\xdcU\xf0\x0f\
\xedC\xf1\xcb\xfe\x1aK\xe3\xaf\x89\xbe#\x7fb\x7f\xc2\
;\xfd\xb5\xf6_\xf8\x96}\xaf\xed^O\x93k\x14\x1f\
\xebv&\xec\xf9[\xbe\xe8\xc6\xecs\x8c\x9fV\xff\x00\
\x87^\xfe\xd3_\xf4L\x9b\xff\x00\x07\xfa_\xff\x00$\
\xd7\x80\xfcR\xf8a\xe2o\x82\xde:\xd4\xbc\x1b\xe3-\
)\xb4o\x12i\xdeW\xda\xac\x8d\xc4S\xf9~dK\
*|\xf13!\xcaH\xa7\x868\xce\x0e\x08\x22\x80=\
\xfb\xf6\x19\xfd\xb9\xbf\xe1\x8b\xbf\xe16\xff\x00\x8a'\xfe\
\x13\x1f\xf8I~\xc3\xff\x001o\xb0\xfd\x9b\xec\xff\x00\
h\xff\x00\xa6\x12\xef\xdd\xf6\x8flm\xef\x9e>\xfc\xfd\
\x97\xff\x00\xe0\xabg\xf6\x91\xf8\xe7\xe1\x9f\x87#\xe1o\
\xfc#\xc7Z\xfbO\xfcL\xbf\xe1!\xfbW\x93\xe4\xdb\
K?\xfa\xbf\xb2\xa6\xec\xf9[~\xf0\xc6\xec\xf3\x8cW\
\xe2\xcd}U\xff\x00\x04\xba\xff\x00\x93\xe7\xf8k\xf5\xd4\
\xbf\xf4\xd9w@\x1f\xbf\x94QE\x00|\x01\xfbR\x7f\
\xc1)\x7f\xe1\xa5>:\xf8\x9b\xe2?\xfc-\x1f\xf8G\
?\xb6\xbe\xcb\xff\x00\x12\xcf\xf8G\xfe\xd5\xe4\xf96\xb1\
A\xfe\xb7\xedI\xbb>V\xef\xba1\xbb\x1c\xe3'\xe0\
\x1f\xdb\x97\xf6\x18\xff\x00\x86/\xff\x00\x84 \x7f\xc2m\
\xff\x00\x09\x8f\xfc$\x86\xf8\xff\x00\xc8'\xec?f\xfb\
?\xd9\xff\x00\xe9\xbc\xbb\xf7y\xfe\xd8\xdb\xdf<~\xfe\
\xd7\xc0\x1f\xf0U\xaf\xd9\x7f\xe2o\xed\x22>\x17\x9f\x87\
>\x19>#\xfe\xc5\xfe\xd4\xfb\x7f\xfau\xb5\xb7\x93\xe7\
}\x93\xcb\xff\x00_\x22n\xcf\x95'\xdd\xce6\xf3\x8e\
2\x01\xf9[\xfb.\xfc\x0b\x1f\xb4\xa7\xc7o\x0c\xfc8\
\xfe\xdb\xff\x00\x84s\xfbk\xed_\xf13\xfb'\xda\xbc\
\x9f&\xd6Y\xff\x00\xd5oM\xd9\xf2\xb6\xfd\xe1\x8d\xd9\
\xe7\x18?~\xff\x00\xc3\x8c\x7f\xea\xb6\x7f\xe5\xa9\xff\x00\
\xdd\xb5\xe5_\xb2\xe7\xec\xbf\xf13\xf6/\xf8\xe9\xe1\x8f\
\x8c\xbf\x18\xfc5\xff\x00\x08\x7f\xc3\x7f\x0d\xfd\xab\xfbW\
Z\xfb}\xb5\xf7\xd9\xbe\xd1k-\xac?\xb9\xb5\x92Y\
\x9bt\xd7\x11'\xc8\x8d\x8d\xd98PH\xfb\xff\x00\xfe\
\x1e\x8f\xfb1\x7f\xd1M\xff\x00\xca\x06\xa9\xff\x00\xc8\xd4\
\x01\xf5U\x14Q@\x05\x14Q@\x05\x14Q@\x050\
\xf3O\xaf\x95\x7f\xe0\xa8\xdf\xf2b\x9f\x13?\xee\x19\xff\
\x00\xa7;J\x00\xfa\xa7\x22\x8c\x8a\xfeV2h\xc9\xa0\
\x0f\xea\x9f\x22\x8c\x8a\xfeV2k\xf5O\xfe\x08dr\
~5\xff\x00\xdc\x13\xff\x00o\xe8\x03\xea\x8f\xf8*\x17\
\xfc\x98\xbf\xc4\xcf\xa6\x9b\xff\x00\xa7KZ\xfc\x06\xaf\xdf\
\x9f\xf8*\x17\xfc\x98\xbf\xc4\xcf\xa6\x9b\xff\x00\xa7KZ\
\xfc\x06\xa0\x0f\xea\x8e\xbf\x01?\xe0\xa8\xff\x00\xf2}\x9f\
\x13\x7f\xee\x19\xff\x00\xa6\xbbJ\xfd\xfb\xa2\x80?\x95\xaa\
1_\xaa_\xf0\x5c\xcf\xf9\xa2\x7f\xf7\x1b\xff\x00\xdb\x0a\
\xf9g\xfe\x09r?\xe3:>\x1a\xff\x00\xdcK\xff\x00\
Mwt\x01\xf2\x9d\x7fU\x14\xca\xfeV\xa8\x03\xea\xbf\
\xf8*\x17\xfc\x9fg\xc4\xbf\xfb\x86\x7f\xe9\xae\xd2\xbe\xaa\
\xff\x00\x82\x19\xf5\xf8\xd9\xff\x00pO\xfd\xbf\xaf\xa9\xbf\
\xe0\x97j[\xf6\x17\xf8j\xdb\xb2[\xfbK$\xe4\xff\
\x00\xccN\xee\xbe\xac\x03\x02\x80>U\xff\x00\x82\xa3\xff\
\x00\xc9\x8a\xfcK\xff\x00\xb8g\xfe\x9c\xed+\xf0\x0a\xbf\
\x7f\x7f\xe0\xa8\xff\x00\xf2b\xbf\x12\xff\x00\xee\x19\xff\x00\
\xa7;J\xfc\x02\xa0\x05\xe3\xd3\xf5\xa3\x8fC\xf9\xd7\xf5\
I\x83\xe8?:6\x9fA\xf9\xd0\x07\xf2\xbbE\x7fT\
\x80b\xbeT\xff\x00\x82\xa2\xff\x00\xc9\x89\xfcL\xff\x00\
\xb8o\xfe\x9d-(\x03\xf0\x17\x02\xbf\xaaP1_\xca\
\xc5\x14\x01\xfdTW\xe5o\xfc\x177\xee|\x15\xff\x00\
\xb8\xd7\xfe\xd8W\xe5M~\xaa\xff\x00\xc1\x0d\x7f\xe6\xb6\
\x7f\xdc\x0f\xff\x00o\xe8\x03\xe5O\xf8%\xc7\xfc\x9fg\
\xc3/\xfb\x89\xff\x00\xe9\xae\xee\xbf\x7fq_*\x7f\xc1\
Q\x7f\xe4\xc5>&\x7f\xdc7\xff\x00N\x96\x95\xf8\x07\
@\x0e\x0aTg\x1dzsHNN{\xfa\xe6\xbf\xaa\
N\xbc\x8cc\xeb@\x0b\x9f\x97\x19\xfa\xd0\x07\xe5o\xfc\
\x10\xcf\xa7\xc6\xdf\xfb\x82\x7f\xed\xfd}Q\xff\x00\x05H\
\xff\x00\x93\x17\xf8\x97\xff\x00p\xcf\xfd9\xdaW\xca\xff\
\x00\xf0\x5c\xb1\xff\x00$S<\x7f\xc8o\xa7\xfd\xb8W\
\xe5a4\x00\xe1\xd2\xbf\xaaj\xfeVGJ\xfe\xa9\xa8\
\x00\xa6\xb1\xc5~\x03\xff\x00\xc1Q\xbf\xe4\xfa>%\x7f\
\xdc7\xff\x00Mv\x95\xf2\x8d\x00\x7fT\xaa\x09;\x88\
\xfa{R8\x03\x909\xaf\xe5t>\x06(\xc1^H\
\xa0\x0f\xea\x8c1\xc7J\xfc\x07\xff\x00\x82\xa4\x7f\xc9\xf3\
\xfcK\xff\x00\xb8g\xfe\x9b-+\xe5M\xf4\x84\xe6\x80\
\x16\xbe\xaa\xff\x00\x82]\x7f\xc9\xf3\xfc5\xfa\xea_\xfa\
l\xbb\xaf\xa9\xff\x00\xe0\x86=~5\xff\x00\xdc\x17\xff\
\x00o\xeb\xf5V\x80\x0a(\xa2\x80\x0aJ\xfc\x06\xff\x00\
\x82\xa3\x7f\xc9\xf4|J\xff\x00\xb8o\xfe\x9a\xed+\xea\
o\xf8!\x8f\xfc\xd6\xcf\xfb\x82\x7f\xed\xfd\x00}O\xff\
\x00\x05E\xff\x00\x93\x14\xf8\x99\xff\x00p\xcf\xfd:Z\
W\xe0%\x7fTn\xbb\xc1\x07\x04g\x80GJ\x5c\xf6\
\x14\x01%\x14\x83\xa5-\x00\x14QE\x00\x14QE\x00\
\x15\xf2\xaf\xfc\x15\x1b\xfeLS\xe2g\xfd\xc3?\xf4\xe7\
i_UW\xca\xbf\xf0To\xf91O\x89\x9f\xf7\x0c\
\xff\x00\xd3\x9d\xa5\x00~\x00\xd7\xef\xe7\xfc:\xeb\xf6d\
\xff\x00\xa2g\xff\x00\x95\xedS\xff\x00\x92k\xf0\x0e\xbf\
\xaa\x8a\x00\xf9O\xfe\x1du\xfb2\x7f\xd13\xff\x00\xca\
\xf6\xa9\xff\x00\xc95\xf2\xc7\xed\xc6\xbf\xf0\xed\xa3\xe0\xaf\
\xf8g?\xf8\xb7C\xc6b\xf8\xeb\xd8\xff\x00\x89\xa7\xdb\
>\xc7\xf6\x7f\xb3\x7f\xc7\xf7\x9f\xe5\xec\xfb\x5c\xff\x00\xea\
\xf6\xee\xdf\xf3gj\xe3\xf5N\xbf*\xff\x00\xe0\xb9\xa7\
\x1f\xf0\xa4\xff\x00\xee7\xff\x00\xb6\x14\x01\xf1W\xc5\x0f\
\xdb\xd3\xe3\xaf\xc6\x8f\x02\xea~\x0d\xf1\x97\x8e\x7f\xb6<\
7\xa9y_k\xb2\xfe\xc8\xb0\x83\xcc\xf2\xe5IS\xe7\
\x8a\x05q\x87\x8d\x0f\x0c3\x8c\x1c\x82Ex\x15z\x9f\
\xec\xb7\xf03\xfe\x1aS\xe3\xb7\x86~\x1c\x7fm\xff\x00\
\xc29\xfd\xb5\xf6\xaf\xf8\x99\xfd\x93\xed^O\x93k,\
\xff\x00\xea\xb7\xa6\xec\xf9[~\xf0\xc6\xec\xf3\x8c\x1f\xd0\
\x0f\xf8q\x9f\xfdV\xcf\xfc\xb5?\xfb\xb6\x80?T+\
\xf2\x13\xf6\xf3\xfd\xbc\xfe9\xfc\x18\xfd\xaa\xfcs\xe0\xef\
\x06\xf8\xe4\xe8\xfe\x1d\xd3~\xc2m,\xbf\xb2,'\x11\
\x89,-\xe5\x7f\x9eX\x19\xce^G<\xb1\xc6p0\
\x00\x15\xfa\xf8E|\x03\xfbP\xff\x00\xc1)\x7f\xe1\xa4\
\xbe:x\x9b\xe27\xfc-\x0f\xf8G\x7f\xb6\x85\xa8\xfe\
\xcd\xff\x00\x84{\xed^O\x93k\x0c\x1f\xeb>\xd4\x9b\
\xb3\xe5n\xfb\xa3\x1b\xb1\xce2@?*\xfe9\xfe\xd4\
_\x13\xbfi?\xecO\xf8X\xde%\x1e\x22\xfe\xc5\xf3\
\xfe\xc1\xff\x00\x12\xfb[_'\xce\xf2\xfc\xdf\xf5\x11&\
\xec\xf9Q\xfd\xec\xe3o\x18\xc9\xcf/\xf0\xbb\xe2\x87\x89\
\xbe\x0cx\xdfN\xf1\x97\x83\xb5!\xa4x\x93M.m\
/M\xbcS\xf9~dO\x13\xfc\x92\xab!\xcaH\xe3\
\x958\xceF\x08\x06\xbfI\xff\x00\xe1\xc6_\xf5Z\xff\
\x00\xf2\xd4\xff\x00\xee\xda\xf2\xcf\xda\x83\xfe\x09I\xff\x00\
\x0c\xdb\xf0/\xc4\xdf\x11\x8f\xc5/\xf8HF\x8d\xf6o\
\xf8\x96\xff\x00\xc2=\xf6_;\xcd\xb9\x8a\x0f\xf5\x9fj\
}\xb8\xf3w}\xd3\x9d\xb8\xe39\x00\x1eQ\xff\x00\x0f\
F\xfd\xa7?\xe8\xa6\x7f\xe5\x03L\xff\x00\xe4j\xfdQ\
_\xf8%\xe7\xec\xc8\xcc\xdb\xbe\x1a\xee=I\xfe\xdd\xd4\
\xc7_\xfby\xaf\xc0z\xfe\xa9B\x81@\x1f\x8b_\xb5\
\x17\xedE\xf17\xf64\xf8\xe9\xe2_\x83\x9f\x07<J\
<\x1d\xf0\xe3\xc3B\xd4iZ(\xd3\xedo\xbe\xcf\xf6\
\x8bXn\xa6\xfd\xf5\xd4R\xcc\xfb\xa6\xb8\x95\xfeg8\
\xdd\x81\x80\x00\x1fT\xff\x00\xc1)\xff\x00j\x0f\x89\xbf\
\xb4\x8f\xfc-\x0f\xf8X\xde&\xff\x00\x84\x8b\xfb\x1b\xfb\
/\xec\x1f\xe8\x16\xb6\xbeO\x9d\xf6\xbf3\xfdDI\xbb\
>T\x7f{8\xdb\xc62r~\xd4\x1f\xf0J\x7f\xf8\
i\x1f\x8e~&\xf8\x8d\xff\x00\x0bG\xfe\x11\xdf\xed\xaf\
\xb2\xff\x00\xc4\xb7\xfe\x11\xff\x00\xb5y>M\xac0\x7f\
\xac\xfbRn\xcf\x95\xbb\xee\x8cn\xc78\xc9\xf2\xb2\xc3\
\xfe\x08\xbe\xa7$\xfca?\x12{c\xfb\x0f\xfb8i\
\xff\x00\xf8\x13\xe6\xf9\x9fo\xff\x00co\x95\xfc[\xb8\
\x00\xfd%\xf8\xa7\xf0\xbb\xc3\x1f\x1a<\x09\xa9\xf87\xc6\
:o\xf6\xc7\x86\xf5/+\xedVB\xe2X<\xcf.\
T\x95>x\x99\x5ca\xe3C\xc1\x19\xc6\x0eA\x22\xbe\
~\xff\x00\x87]~\xcc\x7f\xf4MO\xfe\x0f\xb5?\xfe\
I\xaf-\xfd\x97\x7f\xe0\xab?\xf0\xd2\xbf\x1d<5\xf0\
\xe7\xfe\x15\x7f\xfc#\x9f\xdb&\xe7\xfe&\x7f\xf0\x90}\
\xab\xc9\xf2m\xa5\x9f\xfd_\xd9Sv|\xad\xbfxc\
vy\xc6+\xef\xfa\x00\xfc\x04o\xf8*\x07\xed7\xbc\
(\xf8\x96T\x03\x8c\x7fai\x87\x1f\x8f\xd9\xb9\xa5?\
\xf0T?\xdak\x9f\xf8\xb9\xa7\xff\x00\x04\x1ag\xff\x00\
#W\xcahN\xe3\xf8\xff\x00*\xfb\xff\x00\xf6[\xff\
\x00\x82S\x9f\xdaO\xe0O\x86~#\xff\x00\xc2\xd1\xff\
\x00\x84w\xfbk\xed_\xf1,\xff\x00\x84\x7f\xed^O\
\x93u,\x1f\xeb~\xd4\x9b\xb3\xe5n\xfb\xa3\x1b\xb1\xce\
2@<\xa0\xff\x00\xc1P\xff\x00i\xac\xff\x00\xc9M\
?\xf8 \xd3?\xf9\x1a\xbdW\xf6[\xfd\xa8~&\xfe\
\xda\x1f\x1d|3\xf0o\xe3\x1f\x89\xbf\xe11\xf8o\xe2\
_\xb5\x7fj\xe8\x9f`\xb5\xb1\xfbO\xd9\xede\xba\x87\
\xf7\xd6\xb1E2m\x9a\x08\x9f\xe4q\x9d\xb89RA\
\xf2\xcf\xdb\x9b\xf6\x19\xff\x00\x86.\xff\x00\x84'\xfe+\
o\xf8L\x7f\xe1%\xfbw\xfc\xc2~\xc3\xf6o\xb3\xfd\
\x9f\xfe\x9b\xcb\xbfw\xda=\xb1\xb7\xbex\xf2\xaf\xd9s\
\xe3\x9f\xfc3g\xc7o\x0c\xfcG\xfe\xc4\xff\x00\x84\x8f\
\xfb\x17\xed_\xf1,\xfb_\xd9|\xef:\xd6X?\xd6\
\xec}\xb8\xf3w}\xd3\x9d\xb8\xe39\x00\x1f\xb4\xff\x00\
\xf0\xeb\x8f\xd9\x8b\xfe\x89\x97\xfeW\xf5O\xfeI\xa3\xfe\
\x1dq\xfb1\x7f\xd12\xff\x00\xca\xfe\xa9\xff\x00\xc95\
\xf2\xb7\xfc?3\xfe\xa8\x9f\xfe]\x7f\xfd\xc5G\xfc?\
3\xfe\xa8\x9f\xfe]\x7f\xfd\xc5@\x1f\x15\xfe\xde\x9f\x0b\
\xbc-\xf0_\xf6\xad\xf1\xcf\x83\xbc\x19\xa6\x1d\x1f\xc3\xba\
o\xd8~\xcbe\xf6\x89g\x11\x89,-\xa5\x7f\x9eV\
g9y\x1c\xf2\xc7\x19\xc0\xc0\x00W\xda\x9f\xf0C_\
\xf9\xad\x9f\xf7\x03\xff\x00\xdb\xfa\xfc\xff\x00\xfd\xa8\xfe9\
\x7f\xc3I|t\xf17\xc4\x7f\xecO\xf8G\x7f\xb6\xbe\
\xcb\xff\x00\x12\xcf\xb5\xfd\xab\xc9\xf2mb\x83\xfdf\xc4\
\xdd\x9f+w\xdd\x18\xdd\x8eq\x93\xfa\x01\xff\x00\x045\
\xff\x00\x9a\xd9\xff\x00p?\xfd\xbf\xa0\x0f\xd2\x8f\x89\xff\
\x00\x0b\xfc3\xf1\x9f\xc0\x9a\xa7\x83|c\xa6\xff\x00l\
xoR\xf2\xc5\xdd\x90\xb8\x96\x0f3\xcb\x95eO\x9e\
&W\x18x\xd0\xf0\xc38\xc1\xc8$W\x80\x7f\xc3\xae\
?f/\xfa&_\xf9_\xd5?\xf9&\xbdS\xf6\xa1\
\xf8\xe6?f\xbf\x81^&\xf8\x8etO\xf8H\x86\x8a\
m\xb3\xa6\x8b\xaf\xb3y\xdeu\xd4P\x7f\xac\xd8\xfbv\
\xf9\xbb\xbe\xe9\xce\xdcq\x9c\x8f\x80O\xfc\x17/\xfe\xa8\
\xb1\xff\x00\xc2\xac\x7f\xf2\x15\x00|\xb0\xdf\xf0T\x1f\xda\
d\xfc\xa3\xe2^\x07\xfd\x804\xbf\xfeG\xaf\xd7\xbf\xd8\
7\xe2o\x89~2~\xca~\x07\xf1\x8f\x8c5?\xed\
\x9f\x11\xea_n7W\xc6\x08\xa0\xf3\x04w\xd7\x11G\
\xf2D\xaa\x83\x09\x1a\x0e\x14g\x19<\x92k\xf9\xd9\xc6\
[\xeb_\xa0?\xb3\x0f\xfc\x15c\xfe\x19\xaf\xe0g\x86\
~\x1d\x1f\x85\xff\x00\xf0\x91\xff\x00b\x8b\x91\xfd\xa5\xff\
\x00\x09\x07\xd9|\xef6\xe6Y\xff\x00\xd5\xfd\x95\xf6\xe3\
\xcd\xdb\xf7\x8ev\xe7\x8c\xe0\x00~\xa8\xfcr\xfd\x97~\
\x19~\xd2_\xd8\x9f\xf0\xb1\xbc3\xff\x00\x09\x17\xf67\
\x9f\xf6\x0f\xf4\xfb\x9b_'\xce\xf2\xfc\xcf\xf5\x12\xa6\xec\
\xf9Q\xfd\xec\xe3o\x18\xc9\xaf\x8b?o/\xd8?\xe0\
_\xc1o\xd9K\xc7\x1e2\xf0\x7f\x82\x1bG\xf1\x1e\x9a\
l>\xcbz5{\xe9\xfc\xb1%\xfd\xbcR|\x92\xce\
\xc8r\x928\xe5N3\x91\xc8\x06\xbd\xf7\xf6\x18\xfd\xb9\
\xff\x00\xe1\xb4\x7f\xe16\xff\x00\x8a'\xfe\x10\xef\xf8F\
\xbe\xc3\xff\x001o\xb7}\xa7\xed\x1fh\xff\x00\xa6\x11\
l\xdb\xf6\x7f|\xee\xed\x8eS\xfe\x0a\x8f\xff\x00&+\
\xf13\xe9\xa6\x7f\xe9\xd2\xd2\x80?\x01N3\xc7J\xfe\
\xa9k\xf9Y\x1d+\xfa\xa6\xa0\x0f\xc0/\xf8*)\xff\
\x00\x8c\xe7\xf8\x95\xff\x00p\xdf\xfd5\xdaW\xaa\x7f\xc1\
)?e\xcf\x86\x1f\xb4\xa7\xfc-\x1f\xf8X\xfe\x19\xff\
\x00\x84\x8f\xfb\x17\xfb/\xec\x1f\xe9\xf7V\xbeO\x9d\xf6\
\xbf7\xfdD\xa9\xbb>T\x7f{8\xdb\xc62s\xe5\
_\xf0T_\xf9>\x7f\x89\x7f\xf7\x0d\xff\x00\xd3]\xa5\
}U\xff\x00\x041\xff\x00\x9a\xd9\xff\x00pO\xfd\xbf\
\xa0\x0f\xaa\xbf\xe1\xd7\x1f\xb3\x17\xfd\x13?\xfc\xaf\xea\x9f\
\xfc\x93G\xfc:\xe7\xf6b\xff\x00\xa2g\xff\x00\x95\xfd\
S\xff\x00\x92k\xd5\x7fj/\x8ec\xf6k\xf8\x15\xe2\
o\x88\xe7D\xff\x00\x84\x88h\xbfe\xce\x9a.\xbe\xcb\
\xe7y\xd7QA\xfe\xb3c\xed\xdb\xe6\xee\xfb\xa7;q\
\xc6r>\x00\xff\x00\x87\xe5\xff\x00\xd5\x16\xff\x00\xcb\xac\
\x7f\xf2\x15\x00}U\xff\x00\x0e\xb8\xfd\x98\xbf\xe8\x99\x7f\
\xe5\x7fT\xff\x00\xe4\x9a?\xe1\xd7\x1f\xb3\x17\xfd\x13/\
\xfc\xaf\xea\x9f\xfc\x93_UQ@\x1f\x95\x9f\xb7(_\
\xf8&\xbbx'\xfe\x19\xcb?\x0e\xbf\xe14\x17\xdf\xdb\
\xd8\xff\x00\x89\xa7\xdb>\xc9\xf6\x7f\xb2\xff\x00\xc7\xf7\x9f\
\xe5\xec\xfb\x5c\xff\x00\xea\xf6\xee\xdf\xf3g\x0b\x8eO\xf6\
\x0a\xfd\xbd~;|i\xfd\xac|\x0d\xe0\xdf\x19x\xe7\
\xfbg\xc3z\x97\xdb\xbe\xd7e\xfd\x91a\x07\x99\xe5\xd8\
\x5cJ\x9f<P+\x8c<hxa\x9c`\xf0H\xaf\
\xb5\x7fn\x7f\xd8c\xfe\x1bG\xfe\x10\x9f\xf8\xad\xbf\xe1\
\x0e\xff\x00\x84k\xed\xdf\xf3\x09\xfbw\xda~\xd1\xf6\x7f\
\xfao\x16\xcd\xbfg\xf7\xce\xee\xd8\xe7\xca\xbfe\xcf\xf8\
%'\xfc3_\xc7o\x0c\xfcG\xff\x00\x85\xa3\xff\x00\
\x09\x1f\xf6/\xda\xbf\xe2Y\xff\x00\x08\xf7\xd9|\xef:\
\xd6X?\xd6\xfd\xa9\xf6\xe3\xcd\xdd\xf7Nv\xe3\x8c\xe4\
\x00}\xff\x00_\x80\x7f\xf0\xf4o\xdag\xfe\x8a_\xfe\
P4\xbf\xfeF\xaf\xdf\xca\xfc\xab\xff\x00\x87\x18\xff\x00\
\xd5l\xff\x00\xcbS\xff\x00\xbbh\x03\xf3_\xe2\x87\xc5\
\x1f\x12\xfce\xf1\xc6\xa5\xe3\x0f\x18j\x7f\xdb\x1e#\xd4\
\xbc\xaf\xb5^\xfd\x9e(<\xcf.$\x89>H\x95P\
a#A\xc0\x19\xc6NI&\xba\x8f\x81\x9f\xb5\x1f\xc4\
\xef\xd9\xb0k\x7f\xf0\xae<K\xff\x00\x08\xef\xf6\xd7\x91\
\xf6\xff\x00\xf4\x0bk\xaf;\xc9\xf3<\xbf\xf5\xf1\xbe\xdc\
y\xb2}\xdcgw9\xc0\xa3\xf6\xa3\xf8\x19\xff\x00\x0c\
\xd7\xf1\xd3\xc4\xbf\x0e\x7f\xb6\xff\x00\xe1\x22\xfe\xc6\xfb7\
\xfcL\xfe\xc9\xf6_;\xce\xb6\x8a\x7f\xf5{\xdfn<\
\xdd\xbfx\xe7nx\xce\x07\x95\xd0\x07\xd5\x1f\xf0\xf4?\
\xdao\xfe\x8aX\xff\x00\xc1\x06\x97\xff\x00\xc8\xd4\x7f\xc3\
\xd0\xff\x00i\xb1\xff\x005(\x7f\xe1?\xa5\xff\x00\xf2\
5|\xafE\x00\x7fU\x14QE\x00\x14QE\x00\x14\
QE\x00\x15\xf2\xaf\xfc\x15\x1b\xfeLS\xe2g\xfd\xc3\
?\xf4\xe7i_UW\xca\xbf\xf0To\xf91O\x89\
\x9f\xf7\x0c\xff\x00\xd3\x9d\xa5\x00~\x00\xd7\xf5Q_\xca\
\xbd\x7fU\x14\x00W\xe5W\xfc\x17;\xfeh\x9f\xfd\xc6\
\xff\x00\xf6\xc2\xbfUk\xf2\xab\xfe\x0b\x9d\xff\x004O\
\xfe\xe3\x7f\xfba@\x1f+\x7f\xc1.?\xe4\xfb>\x19\
\x7f\xdcO\xff\x00Mwu\xfb\xfd_\x80?\xf0K\x8f\
\xf9>\xcf\x86_\xf7\x13\xff\x00\xd3]\xdd~\xff\x00P\
\x07\xca\x87\xfe\x0a\x87\xfb2\xe7\xfeJP\xff\x00\xc1\x16\
\xa7\xff\x00\xc8\xd4\x7f\xc3\xd0\xff\x00f_\xfa)C\xff\
\x00\x04Z\x9f\xff\x00#W\xe0\x11\xebE\x00~\xfe\xff\
\x00\xc3\xd0\xff\x00f_\xfa)C\xff\x00\x04Z\x9f\xff\
\x00#W\x95~\xd4_\xb5\x07\xc3/\xdbC\xe0g\x89\
~\x0e|\x1b\xf1(\xf1\x87\xc4\x8f\x12}\x9b\xfb+E\
\xfb\x0d\xd5\x8f\xda~\xcfs\x15\xd4\xdf\xbe\xba\x8a(S\
l0J\xff\x00;\x8c\xed\xc0\xcb\x10\x0f\xe2\xb8\xeb_\
V\xff\x00\xc1.\x7f\xe4\xfa~\x19\xff\x00\xdcO\xff\x00\
M\x97t\x00\xcf\xf8u\xc7\xed;\xff\x00D\xcf\xff\x00\
+\xfag\xff\x00$\xd7\xea\x97\xfc=\x17\xf6b\xff\x00\
\xa2\x99\xff\x00\x94\x1dS\xff\x00\x91\xab\xea\xca\xfeU\xe8\
\x03\xf7\xf3\xfe\x1e\x8b\xfb1\x7f\xd1L\xff\x00\xca\x0e\xa9\
\xff\x00\xc8\xd5\xf2\xbf\xed\xcb\xff\x00\x1b'_\x05\x8f\xd9\
\xc7\xfe./\xfc!\x9fm\xfe\xde\xff\x00\x98_\xd8\xfe\
\xd7\xf6\x7f\xb3\x7f\xc7\xf7\x91\xe6o\xfb%\xc7\xfa\xbd\xdb\
v|\xd8\xdc\xb9\xfc\xab\xaf\xd5O\xf8!\x8f\xfc\xd6\xcf\
\xfb\x82\x7f\xed\xfd\x00r\xbf\xb0_\xec\x19\xf1\xd7\xe0\xb7\
\xed]\xe0o\x18x\xcb\xc0\xa7G\xf0\xe6\x9co\x8d\xd5\
\xf7\xf6\xbd\x8c\xfe^\xfb\x1b\x88\x93\xe4\x8avs\x97\x91\
\x07\x00\xf5\xcf@H\xfd~\xa2\x8a\x00\xfc\x03_\xf8%\
\xcf\xed4\x09\xff\x00\x8bi\xdb\xfe\x83\xfa_\xff\x00$\
\xd7\xeb\xe7\xec\x15\xf0\xbf\xc4\xff\x00\x05\xff\x00d\xff\x00\
\x03x3\xc6Zg\xf6?\x894\xdf\xb7}\xae\xcb\xed\
\x11O\xe5\xf9\x97\xf7\x12\xa7\xcf\x132\x1c\xa4\x88xc\
\x8c\xe0\xf2\x08\xaf}\xa2\x80>\x02\xff\x00\x82\xad\xfe\xcb\
\xff\x00\x13\x7fi\x11\xf0\xb8\xfc9\xf0\xc9\xf1\x17\xf6/\
\xf6\xa7\xdb\xff\x00\xd3\xad\xad\xbc\x9f;\xec\x9e_\xfa\xf9\
\x13v|\xa9>\xeeq\xb7\x9cq_\x9b\x1f\x14\x7f`\
\xcf\x8e\x9f\x06<\x07\xa9x\xcf\xc6>\x07\xfe\xc8\xf0\xd6\
\x9b\xe5}\xae\xf7\xfb^\xc6\x7f/\xcc\x95\x22O\x92)\
\xd9\xce^D\x1c)\xc6rp\x015\xfd\x12W\xca\xff\
\x00\xf0T/\xf91?\x89\x9f\xf7\x0c\xff\x00\xd3\x9d\xa5\
\x00~\x02W\xd5_\xf0\xeb\x9f\xdag\xfe\x89\xa7\xfeW\
\xf4\xbf\xfeI\xaf\x95k\xfa\xa6\xa0\x0f\xe6\x17\xe2\x97\xc2\
\xdf\x12\xfc\x18\xf1\xc6\xa7\xe0\xef\x18\xe9\xa3G\xf1&\x9b\
\xe5}\xaa\xcb\xed\x11O\xe5\xf9\x91$\xa9\xf3\xc4\xcc\x87\
)\x22\x1e\x09\xc6ppA\x03\xed/\xf8%?\xedG\
\xf0\xcb\xf6l?\x14\x7f\xe1cx\x9b\xfe\x11\xdf\xed\xaf\
\xec\xaf\xb0\x7f\xa0\xdc\xddy\xdeO\xda\xfc\xcf\xf5\x11>\
\xdcy\xb1\xfd\xecgw\x19\xc1\xc7\x94\x7f\xc1P\xff\x00\
\xe4\xfa~%}4\xcf\xfd6Z\xd7\xcb\x14\x01\xfbM\
\xfbQ~\xd4\x7f\x0c\xbfm\x1f\x81>'\xf87\xf0o\
\xc4\xbf\xf0\x98|H\xf1/\xd9\xbf\xb2\xb4_\xb0\x5c\xd8\
\xfd\xa7\xec\xf7Q]M\xfb\xeb\x98\xe2\x856\xc3o+\
\xfc\xee3\xb7\x03,@?\x00\xff\x00\xc3\xae?i\xdf\
\xfa&_\xf9_\xd2\xff\x00\xf9&\x9d\xff\x00\x04\xb9\xff\
\x00\x93\xeb\xf8g\xff\x00q?\xfd6]\xd7\xef\xe5\x00\
~\x00\x8f\xf8%\xcf\xed<\x0f\x1f\x0c\xff\x00\xf2\xbf\xa5\
\xff\x00\xf2M\x07\xfe\x09s\xfbO\x1e\xbf\x0c\xff\x00\xf2\
\xbf\xa6\x7f\xf2M~\xff\x00Q@\x1f\x00\x7f\xc1)?\
e\xcf\x89\xff\x00\xb3_\xfc-\x1f\xf8X\xfe\x19\xff\x00\
\x84s\xfbk\xfb/\xec\x1f\xe9\xf6\xb7^w\x93\xf6\xbf\
7\xfdD\xaf\xb7\x1el\x7f{\x19\xdd\xc6pq\xef\xdf\
\xb7\xb7\xc2\xdf\x13\xfci\xfd\x94<s\xe0\xdf\x06\xe9\x9f\
\xdb>$\xd4\x85\x8f\xd9,\xbe\xd1\x14\x1eg\x97\x7fo\
+\xfc\xf2\xb2\xa0\xc2F\xe7\x96\x19\xc6\x07$\x0a\xfa\x06\
\x8a\x00\xfc\x01\xff\x00\x87\x5c~\xd3\xbf\xf4L\xbf\xf2\xbf\
\xa5\xff\x00\xf2M~\xa9\x7f\xc3\xd1\x7ff/\xfa)\x9f\
\xf9B\xd5?\xf9\x1a\xbe\xac\xaf\xe5^\x80>\x81\xfd\xbd\
>(xg\xe37\xed[\xe3\x7f\x18\xf8;R\xfe\xd8\
\xf0\xde\xa5\xf6\x1f\xb2^\x9by`\xf3<\xbb\x0bx\x9f\
\xe4\x95U\xc6\x1e7\x1c\xa8\xce22\x085\xf6\x9f\xfc\
\x10\xc7\xfekg\xfd\xc1?\xf6\xfe\xbf*\xeb\xf5S\xfe\
\x08c\xff\x005\xb3\xfe\xe0\x9f\xfb\x7f@\x1fU\x7f\xc1\
Q\xff\x00\xe4\xc4\xfe&\xff\x00\xdc3\xff\x00N\x96\x95\
\xf8\x03_\xbf\xdf\xf0T\x7f\xf91?\x89\xbf\xf7\x0c\xff\
\x00\xd3\xa5\xa5~\x00\xd0\x07\xef\xe7\xfc=\x17\xf6b\xff\
\x00\xa2\x99\xff\x00\x94\x1dS\xff\x00\x91\xa8\xff\x00\x87\xa2\
\xfe\xcc_\xf4S?\xf2\x83\xaa\x7f\xf25~\x01\xd1@\
\x1f\xbf\x9f\xf0\xf4_\xd9\x8b\xfe\x8ag\xfePuO\xfe\
F\xa3\xfe\x1e\x8b\xfb1\x7f\xd1L\xff\x00\xca\x0e\xa9\xff\
\x00\xc8\xd5\xf8\x07E\x00~\xfe\x7f\xc3\xd1\x7ff/\xfa\
)\x9f\xf9A\xd5?\xf9\x1a\x8f\xf8z/\xec\xc5\xff\x00\
E3\xff\x00(:\xa7\xff\x00#W\xe0\x1d\x14\x01\xf7\
\xf7\xedE\xfb-\xfcO\xfd\xb4>9\xf8\x93\xe3\x1f\xc1\
\xaf\x0c\xff\x00\xc2c\xf0\xdb\xc4\x9ff\xfe\xca\xd6\xfe\xdf\
kc\xf6\x9f\xb3\xdbEk7\xeen\xa5\x8ad\xdb4\
\x12\xa7\xce\x83;22\xa4\x13\xe5\x7f\xf0\xeb\x8f\xdaw\
\xfe\x89\x97\xfeW\xf4\xbf\xfeI\xaf\xd5?\xf8%\xc9\x03\
\xf6\x14\xf8e\xff\x00q?\xfd:]\xd7\xd5t\x01\xf8\
\x03\xff\x00\x0e\xb8\xfd\xa7\x7f\xe8\x99\x7f\xe5\x7fK\xff\x00\
\xe4\x9a?\xe1\xd7\x1f\xb4\xef\xfd\x13/\xfc\xaf\xe9\x7f\xfc\
\x93_\xbf\xd4P\x01E\x14P\x01E\x14P\x01E\x14\
P\x01E\x15\xf3\xff\x00\xed\xed\xf1G\xc4\xff\x00\x06?\
d\xef\x1c\xf8\xcb\xc1\xda\x97\xf6?\x894\xcf\xb0}\x92\
\xf4\xdb\xc5?\x97\xe6_\xdb\xc4\xff\x00$\xaa\xc8r\x92\
8\xe5N3\x91\x82\x01\xa0\x0f}*\x09\xc7\xd0\xd3\xeb\
\xf0\x07\xfe\x1e\x8f\xfbN\xff\x00\xd1L\xff\x00\xca\x06\x97\
\xff\x00\xc8\xd4\x7f\xc3\xd1\xff\x00i\xdf\xfa)\xbf\xf9@\
\xd2\xff\x00\xf9\x1a\x80?\x7f\xa8\xaf\xc0\x1f\xf8z?\xed\
;\xff\x00E7\xff\x00(\x1a_\xff\x00#Q\xff\x00\
\x0fG\xfd\xa7\x7f\xe8\xa6\xff\x00\xe5\x03K\xff\x00\xe4j\
\x00\xfd\xfa\xd8\x03\x03\xb7\xa6y\xa5\xcey\xaf\xc0O\xf8\
z?\xed;\xff\x00E3\xff\x00(\x1a_\xff\x00#\
R\x7f\xc3\xd1\xbfi\xcf\xfa)\x9f\xf9@\xd2\xff\x00\xf9\
\x1a\x80?\x7f\x06\xdd\xe7\x03\x9c\x0e\xd4\xe3\xd2\xbf\x00\x7f\
\xe1\xe8\xdf\xb4\xef\xfd\x14\xcf\xfc\xa0i\x7f\xfc\x8dG\xfc\
=\x1b\xf6\x9d\xff\x00\xa2\x99\xff\x00\x94\x0d/\xff\x00\x91\
\xa8\x03\xf7\xef+\xcf\x1f\xa5|\xb1\xff\x00\x05A\xc3~\
\xc2\xdf\x12\xf3\x90\xb9\xd2\xf3\x8fO\xedKJ\xf2\x9f\xf8\
%7\xedG\xf1;\xf6\x94\xff\x00\x85\xa3\xff\x00\x0b\x1f\
\xc4\xdf\xf0\x91\x7fb\xff\x00e\xfd\x83\xfe%\xf6\xb6\xbe\
O\x9d\xf6\xbf3\xfdDI\xbb>T\x7f{8\xdb\xc6\
2s\xea\x9f\xf0T?\xf91O\x89\xbf\xf7\x0c\xff\x00\
\xd3\xa5\xa5\x00~\x03\xff\x00\xac8\x1c(\xe8+\xfa\xa4\
=+\xf9[\x07\x15\xf5O\xfc=\x1b\xf6\x9a\xff\x00\xa2\
\x98?\xf0A\xa6\x7f\xf25\x00~\xfc\x02\xbc\xf1\xe9\xda\
\x9e:W\xe0'\xfc=\x1b\xf6\x9a\xff\x00\xa2\x98?\xf0\
A\xa6\x7f\xf25\x1f\xf0\xf4o\xdak\xfe\x8a`\xff\x00\
\xc1\x06\x99\xff\x00\xc8\xd4\x01\xfa\xa1\xff\x00\x05E\xff\x00\
\x93\x13\xf8\x99\xff\x00p\xdf\xfd:ZW\xe0\x1d~\x80\
~\xcb\xbf\xb5\x1f\xc4\xdf\xdbG\xe3\xaf\x86~\x0d|c\
\xf17\xfc&?\x0d\xfcK\xf6\xaf\xed]\x17\xfb>\xd6\
\xc7\xed?g\xb5\x96\xea\x1f\xdf[E\x14\xc9\xb6kx\
\x9f\xe4q\x9d\xb89RA\xfb\xfb\xfe\x1dq\xfb1\x7f\
\xd12\xff\x00\xca\xfe\xa9\xff\x00\xc94\x01\xf8\x0c\xc1\xb6\
\x8ex\xfa\xfd+\xf7\xe7\xfe\x09u\xff\x00&+\xf0\xcf\
\xfe\xe2\x7f\xfas\xbb\xaf\xc0v\xcb|\xc0.\x00\xe81\
\xc5~\xfc\x7f\xc1.\xb9\xfd\x85~\x19\xff\x00\xdcO\xff\
\x00Nwt\x01\xf2\xaf\xfc\x17;\xa7\xc1O\xfb\x8d\x7f\
\xed\x85~U\xd7\xf4\xa5\xf1\xcf\xf6^\xf8e\xfbI\x1d\
\x17\xfe\x167\x86\x7f\xe1\x22\xfe\xc6\xf3\xbe\xc1\xfe\x9fs\
k\xe4\xf9\xde_\x99\xfe\xa2D\xdd\x9f*?\xbd\x9cm\
\xe3\x195\xe5_\xf0\xeb\xef\xd9\x97\xfe\x89\x91?\xf7\x1e\
\xd4\xff\x00\xf9&\x80?\x01(\xaf\xdf\xbf\xf8u\xf7\xec\
\xcb\xff\x00D\xc4\xff\x00\xe0\xfbS\xff\x00\xe4\x9a?\xe1\
\xd7\xdf\xb3/\xfd\x13\x13\xff\x00\x83\xedO\xff\x00\x92h\
\x01\x7f\xe0\x97?\xf2b\x9f\x0c\xff\x00\xee'\xff\x00\xa7\
;\xba\xfa\xaa\xb9/\x85\xbf\x0c|5\xf0c\xc0\xbag\
\x83|\x1f\xa6\x1d\x1f\xc3zg\x98-,\x8d\xc4\xb3\xf9\
~d\xaf+\xfc\xf2\xb39\xcb\xc8\xe7\x968\xce\x06\x00\
\x02\xba\xda\x00(\xa2\x8a\x00+\xf0\x17\xfe\x0a\x8d\xff\x00\
'\xd1\xf1+\xfe\xe1\xbf\xfak\xb4\xaf\xdf\xaa\xfc\x02\xff\
\x00\x82\xa2\x9f\xf8\xce\x7f\x89_\xf7\x0d\xff\x00\xd3]\xa5\
\x00|\xa9_U\x7f\xc1.\xbf\xe4\xf9\xfe\x1a\x7f\xdcO\
\xff\x00Mwu\xea\xbf\xf0JO\xd9s\xe1\x87\xed)\
\xff\x00\x0bG\xfe\x16?\x86\x7f\xe1#\xfe\xc5\xfe\xcb\xfb\
\x07\xfa}\xd5\xaf\x93\xe7}\xaf\xcd\xff\x00Q*n\xcf\
\x95\x1f\xde\xce6\xf1\x8c\x9c\xfe\x94|0\xfd\x82~\x04\
|\x18\xf1\xce\x99\xe3\x1f\x07x\x17\xfb\x1f\xc4\x9ao\x99\
\xf6K\xd3\xab\xdf\xcf\xe5\xf9\x91<O\xf2K;!\xca\
H\xe3\x958\xceF\x08\x06\x80=\xfa\xbf\x95\xaa\xfe\xa9\
k\xe5\x8f\xf8u\xd7\xec\xc7\xff\x00D\xcf\xff\x00+\xda\
\x9f\xff\x00$\xd0\x04\x7f\xf0K\xbf\xf91?\x86\x9f\xf7\
\x12\xff\x00\xd3\xa5\xdd|\xb5\xff\x00\x05\xcbb\x17\xe0\xa8\
\xc9\xc7\xfcN\xce?\xf0\x02\xbc\xa3\xf6\xa0\xfd\xa8~(\
~\xc6\x1f\x1d<O\xf0o\xe0\xe7\x89\xc7\x83\xbe\x1b\xf8\
h\xdb\x7feh\x83O\xb5\xbe\xfb0\xb8\xb6\x8a\xeao\
\xdf]E,\xcf\xbak\x89_\xe7s\x8d\xd8\x18P\x00\
\xf5\x7f\xd8d\x7f\xc3\xc9\xbf\xe16\xff\x00\x86\x8e?\xf0\
\xb1\x7f\xe1\x0c\xfb\x0f\xf6\x0f\xfc\xc2\xfe\xc7\xf6\xbf\xb4}\
\xa7\xfe<|\x8f3\x7f\xd9-\xff\x00\xd6n\xdb\xb3\xe5\
\xc6\xe6\xc8\x07\xe5i$\xa9;\xb9=\xa9\x87\xad~\xbf\
~\xde?\xb0o\xc0\xbf\x82\xdf\xb2\xa7\x8e<c\xe0\xbf\
\x03\xff\x00b\xf8\x8fN\xfb\x08\xb6\xbd\x1a\xbd\xf4\xfe_\
\x99\x7fo\x13\xfc\x92\xce\xc8r\x928\xe5N3\x91\xc8\
\x06\xbf OZ\x00\xfe\xa9h\xa2\xbf!?o?\xdb\
\xcf\xe3\x9f\xc1\x8f\xda\xaf\xc7>\x0e\xf0o\x8eN\x8f\xe1\
\xdd7\xec&\xd2\xcb\xfb\x22\xc2q\x18\x92\xc2\xdeW\xf9\
\xe5\x81\x9c\xe5\xe4s\xcb\x1cg\x03\x00\x01@\x1f\xafC\
n\xf3\xc78\x1d\xab\xe5\x7f\xf8*#\x1f\xf8a\x7f\x89\
\x9c\x7f\xd03\xb7\xfdD\xedk\xca\xbf\xe0\x94\xbf\xb5\x17\
\xc4\xef\xdaI\xbe(\x7f\xc2\xc6\xf10\xf1\x17\xf67\xf6\
_\xd8?\xe2_kk\xe4\xf9\xdfk\xf3?\xd4D\x9b\
\xb3\xe5G\xf7\xb3\x8d\xbcc'>\xb3\xff\x00\x05C\xff\
\x00\x93\x16\xf8\x99\xf4\xd3\x7f\xf4\xe7k@\x1f\xcf\xfd\x7f\
T\xb5\xfc\xadW\xd5\x7f\xf0\xf4\x7f\xdas\xfe\x8ag\xfe\
P4\xcf\xfeF\xa0\x0f\xdfx\xf6\x05!\x15T\x03\xd0\
\x0fS\xcd~X\x7f\xc1s\xbf\xe6\x89\xff\x00\xdco\xff\
\x00l+\xed\x1f\xd8+\xe2o\x89\xbe2~\xca^\x09\
\xf1\x97\x8b\xf5!\xab\xf8\x87S\xfbw\xdao|\x88\xe0\
\xf3<\xbb\xfb\x88\x93\xe4\x89U\x06\x124\x1f*\x8c\xe3\
'$\x93_\x17\xff\x00\xc1s?\xe6\x89\xff\x00\xdco\
\xff\x00l(\x03\xe5\x7f\xf8%\xda\x9f\xf8n\xaf\x86d\
c\xa6\xa7\xff\x00\xa6\xcb\xba\xfd\xfc\xaf\xe6\x13\xe1o\xc5\
\x0f\x13|\x19\xf1\xd6\x99\xe3\x1f\x07jgG\xf1\x16\x9b\
\xe6\xfd\x96\xf4A\x14\xfe_\x99\x13\xc4\xff\x00$\xaa\xc8\
r\x928\xe5N3\x91\x83\x83^\xf9\xff\x00\x0fC\xfd\
\xa6G\xfc\xd4\xb3\xff\x00\x82\x1d/\xff\x00\x91\xa8\x03\xf7\
\xfe\x8aN\x94\xb4\x00QE\x14\x00QE\x14\x00W\xca\
\xbf\xf0T\x7f\xf91?\x89\xbf\xf7\x0c\xff\x00\xd3\xa5\xa5\
}U_*\xff\x00\xc1Q\xff\x00\xe4\xc4\xfe&\xff\x00\
\xdc3\xff\x00N\x96\x94\x01\xf8\x03_\xaa\xbf\xf0\xe3/\
\xfa\xad\x7f\xf9j\x7f\xf7m~UW\xf5Q@\x1f\x95\
\x9f\xf0\xe31\xff\x00E\xaf\xff\x00-O\xfe\xed\xa3\xfe\
\x1cf?\xe8\xb5\xff\x00\xe5\xa9\xff\x00\xdd\xb5\xf6\xa7\xc5\
/\xdb\xd3\xe0W\xc1_\x1dj^\x0d\xf1\x9f\x8e\x7f\xb1\
\xbcI\xa6\xf9_j\xb2\xfe\xc8\xbf\x9f\xcb\xf3\x22IS\
\xe7\x8a\x06C\x94\x91\x0f\x0cq\x9c\x1eA\x15\xca\x7f\xc3\
\xd1\xff\x00f/\xfa)\xbf\xf9@\xd5?\xf9\x1a\x80>\
V\xff\x00\x87\x19\x8f\xfa-\x7f\xf9j\x7f\xf7m\x1f\xf0\
\xe31\xff\x00E\xaf\xff\x00-O\xfe\xed\xaf\xaa\x7f\xe1\
\xe8\xff\x00\xb3\x17\xfd\x14\xdf\xfc\xa0j\x9f\xfc\x8dH\x7f\
\xe0\xa8\xdf\xb3\x11\x1f\xf2S\x7f\xf2\x81\xaa\x7f\xf25\x00\
|\xaf\xff\x00\x0e3\x1f\xf4Z\xff\x00\xf2\xd4\xff\x00\xee\
\xda\xf8\x0b\xf6\xa2\xf8\x16?f\xdf\x8e\x9e&\xf8s\xfd\
\xb7\xff\x00\x09\x17\xf67\xd9\xbf\xe2g\xf6O\xb2\xf9\xde\
u\xacS\xff\x00\xab\xde\xfbq\xe6\xed\xfb\xc7;s\xc6\
p?\xa4\xb5 \xc6\xb8\xdc\xdb\x86s\xc85\xf8\x11\xff\
\x00\x05A\xe3\xf6\xe6\xf8\x95\xf4\xd3\x7f\xf4\xd7i@\x1f\
S\xff\x00\xc1\x0d8?\x1b?\xee\x09\xff\x00\xb7\xf5\xf5\
G\xfc\x15\x0f\xfeLS\xe2o\xfd\xc3?\xf4\xe9i_\
+\x7f\xc1\x0c\xff\x00\xe6\xb6\x7f\xdc\x13\xff\x00o\xeb\xea\
\x9f\xf8*\x1f\xfc\x98\xa7\xc4\xdf\xfb\x86\x7f\xe9\xd2\xd2\x80\
?\x01\xab\xf5C\xfe\x1ck\xff\x00U\xa7\xff\x00-_\
\xfe\xed\xaf\xcb\x0e\xd5\xfdR`P\x07\xe5W\xfc8\xd7\
\xfe\xabO\xfeZ\xbf\xfd\xdb_,~\xdc\x7f\xb0\xc8\xfd\
\x8c\x7f\xe1\x0a\xcf\x8d\x7f\xe10\xff\x00\x84\x93\xed\xbf\xf3\
\x0a\xfb\x0f\xd9\xfe\xcf\xe4\x7f\xd3i7\xee\xf3\xfd\xb1\xb7\
\xbex\xfd\xfc\xc0\xaf\xca\xdf\xf8.g\x03\xe0\xa6?\xea\
7\xff\x00\xb6\x14\x01\xf2\xaf\xfc\x12\xe4c\xf6\xec\xf8g\
\xff\x00q?\xfd6]\xd7\xef\xed\x7f:\xff\x00\xb0G\
\xc5\x0f\x0c\xfc\x18\xfd\xac|\x0d\xe3/\x18\xea_\xd8\xfe\
\x1b\xd3\x05\xf9\xbb\xbd\x16\xf2\xcf\xe5\xf9\x96\x17\x11'\xc9\
\x12\xb3\x9c\xbc\x888S\x8c\xe4\xe0\x02k\xf5\xfb\xfe\x1e\
\x8f\xfb1\x7f\xd1M\xff\x00\xca\x06\xa9\xff\x00\xc8\xd4\x01\
\xf8\x06\x9d\x0f\xd0\xd7\xef\xe7\xfc\x12\xe7\xfeLS\xe1\x9f\
\xfd\xc4\xff\x00\xf4\xe7w_\x80i\xd0\xfd\x0d~\xfe\x7f\
\xc1.\x7f\xe4\xc5>\x19\xff\x00\xdcO\xff\x00Nwt\
\x01\xf5UyW\xedE\xf1\xcc~\xcd\x7f\x02\xbcM\xf1\
\x1c\xe8\x9f\xf0\x91\x0d\x17\xec\xb9\xd3E\xd7\xd9|\xef:\
\xea(?\xd6l}\xbb|\xdd\xdft\xe7n8\xceA\
\xf1\xcf\xf6\xa2\xf8c\xfb5\x8d\x10\xfcG\xf17\xfc#\
\xa3Y\xf3\xc5\x81\xfe\xcf\xba\xba\xf3\xbc\x9f/\xcc\xff\x00\
Q\x13\xed\xc7\x9b\x1f\xde\xc6s\xc6pq\xf2\xaf\xedG\
\xfbQ\xfc0\xfd\xb4~\x04\xf8\x9b\xe0\xd7\xc1\xaf\x13\x7f\
\xc2c\xf1'\xc4\xbfe\xfe\xca\xd1>\xc1uc\xf6\x9f\
\xb3\xddEu7\xef\xae\xa2\x8a\x14\xdb\x0d\xbc\xaf\xf3\xb8\
\xce\xdc\x0c\xb1\x00\x80yW\xfc?;\xfe\xa8\x9f\xfe]\
\x7f\xfd\xc5G\xfc?;\xfe\xa8\x9f\xfe]\x7f\xfd\xc5_\
*\xff\x00\xc3\xae?i\xdf\xfa&_\xf9_\xd2\xff\x00\
\xf9&\x8f\xf8u\xc7\xed;\xff\x00D\xcb\xff\x00+\xfa\
_\xff\x00$\xd0\x07\xd5?\xf0\xfc\xef\xfa\xa2\x7f\xf9u\
\xff\x00\xf7\x15}W\xfb\x0c~\xdc\xff\x00\xf0\xda?\xf0\
\x9b\x7f\xc5\x13\xff\x00\x08w\xfc#_a\xff\x00\x98\xb7\
\xdb\xbe\xd3\xf6\x8f\xb4\x7f\xd3\x08\xb6m\xfb?\xbewv\
\xc7?\x95\x7f\xf0\xeb\x8f\xdaw\xfe\x89\x97\xfeW\xf4\xbf\
\xfeI\xaf\xbf\xff\x00\xe0\x94\x9f\xb2\xe7\xc4\xff\x00\xd9\xaf\
\xfe\x16\x8f\xfc,\x7f\x0c\xff\x00\xc29\xfd\xb5\xfd\x97\xf6\
\x0f\xf4\xfb[\xaf;\xc9\xfb_\x9b\xfe\xa2W\xdb\x8f6\
?\xbd\x8c\xee\xe388\x00\xfb\xfe\x8a\xe5~(\xfcQ\
\xf0\xc7\xc1\x8f\x02\xea~2\xf1\x8e\xa5\xfd\x8f\xe1\xbd3\
\xcb\xfb]\xe8\xb7\x96\x7f/\xcc\x95\x22O\x92%g9\
y\x10p\xa7\x19\xc9\xc0\x04\xd7\xcf\xff\x00\xf0\xf4\x7f\xd9\
\x8b\xfe\x8ao\xfeP5O\xfeF\xa0\x0f\xaa\xab\xe0\x0f\
\xda\x8b\xfe\x09K\xff\x00\x0d'\xf1\xd3\xc4\xbf\x11\xbf\xe1\
h\xff\x00\xc2;\xfd\xb3\xf6o\xf8\x96\xff\x00\xc2=\xf6\
\xaf'\xc9\xb5\x86\x0f\xf5\x9fjM\xd9\xf2\xb7}\xd1\x8d\
\xd8\xe7\x19>\xab\xff\x00\x0fG\xfd\x98\xbf\xe8\xa6\xff\x00\
\xe5\x03T\xff\x00\xe4j?\xe1\xe8\xff\x00\xb3\x17\xfd\x14\
\xdf\xfc\xa0j\x9f\xfc\x8d@\x07\xec1\xfb\x0c\x7f\xc3\x17\
\x7f\xc2m\xff\x00\x15\xb7\xfc&?\xf0\x92\xfd\x87\xfea\
?a\xfb7\xd9\xfe\xd1\xff\x00M\xe5\xdf\xbb\xed\x1e\xd8\
\xdb\xdf<z\xaf\xedG\xf1\xcc~\xcd\x9f\x02\xbcK\xf1\
\x1c\xe8\xbf\xf0\x91\x0d\x14\xda\xe7M\x17_f\xf3\xbc\xeb\
\xa8\xa0\xff\x00Y\xb1\xf6\xe3\xcd\xdd\xf7Nv\xe3\x8c\xe4\
yW\xfc=\x1f\xf6b\xff\x00\xa2\x9b\xff\x00\x94\x0dS\
\xff\x00\x91\xab\xe7\xff\x00\xdb\xd7\xf6\xf5\xf8\x13\xf1\xa7\xf6\
N\xf1\xcf\x83|\x1b\xe3\x9f\xed\x8f\x12j_a\xfb%\
\x97\xf6E\xfc\x1eg\x97\x7fo+\xfc\xf2\xc0\xa80\x91\
\xb9\xe5\x86q\x81\xc9\x02\x809?\xf8~g\xfdQ?\
\xfc\xba\xff\x00\xfb\x8a\xbfU\xab\xf9W\xaf\xdf\xcf\xf8z\
/\xec\xc5\xff\x00E3\xff\x00(:\xa7\xff\x00#P\
\x07\xe5o\xfc\x15\x08\xff\x00\xc6t\xfcL\xff\x00\xb8g\
\xfe\x9b-+\xea\x9f\xf8!\xb1\xe7\xe3_\xfd\xc1?\xf6\
\xfe\xbe,\xfd\xbc\xbe(\xf8c\xe3?\xed_\xe3\x9f\x19\
x7S\xfe\xd9\xf0\xde\xa5\xf6\x1f\xb2^\xfd\x9eX<\
\xcf.\xc2\xde'\xf9%Uq\x87\x8d\xc7*3\x8c\x8e\
\x085\xef\xdf\xf0J\x8f\xda\x8b\xe1\x97\xec\xd9\xff\x00\x0b\
C\xfe\x167\x89\xbf\xe1\x1d\x1a\xcf\xf6_\xd8?\xd0n\
n\xbc\xef'\xed~g\xfa\x88\x9fn<\xd8\xfe\xf63\
\xbb\x8c\xe0\xe0\x03\xef\xdf\xf8*\x17\xfc\x98\xaf\xc4\xd3\xef\
\xa6\x7f\xe9\xd2\xd2\xbf\x01+\xf5\xf3\xf6\xf0\xfd\xbd>\x05\
|h\xfd\x93\xfcu\xe0\xdf\x07x\xe3\xfbc\xc4\x9a\x9f\
\xd8~\xc9e\xfd\x91}\x07\x99\xe5\xdf\xdb\xca\xff\x00<\
\xb0*\x0c$nya\x9c`d\x90+\xf2\x0e\x80?\
\xaa\x5cW\xc0_\xb5\x0f\xfc\x12\x97\xfe\x1aK\xe3\xa7\x89\
\xbe#\x7f\xc2\xd0\xff\x00\x84w\xfbhZ\x8f\xec\xdf\xf8\
G\xbe\xd5\xe4\xf96\xb0\xc1\xfe\xb3\xedI\xbb>V\xef\
\xba1\xbb\x1c\xe3'\xd5\x7f\xe1\xe8\x9f\xb3'\xfd\x14\xa1\
\xff\x00\x82-O\xff\x00\x91\xa8\xff\x00\x87\xa1\xfe\xcc\xbf\
\xf4R\x87\xfe\x08\xb5?\xfeF\xa0\x04\xfd\x86?a\x7f\
\xf8b\xf3\xe3S\xff\x00\x09\xb7\xfc&?\xf0\x92}\x8b\
\xfea?a\xfb?\xd9\xfe\xd1\xff\x00M\xe5\xdf\xbb\xed\
\x1e\xd8\xdb\xdf<I\xff\x00\x05C\xff\x00\x93\x16\xf8\x99\
\xf4\xd3\x7f\xf4\xe7kL\xff\x00\x87\xa2~\xcc\xbf\xf4R\
\xc7\xfe\x08\xb5?\xfeF\xaf\x01\xfd\xbc\x7fo?\x81\x9f\
\x19\xff\x00e\x0f\x1dx7\xc1\xde8\x1a\xc7\x895!\
c\xf6K/\xec\x9b\xf8<\xcf.\xfa\xdeW\xf9\xe5\x81\
Pa#s\xcb\x0c\xe3\x03\x92\x05\x00~@W\xea\xaf\
\xfc8\xd3\xfe\xabg\xfeZ\x7f\xfd\xdb_\x95U\xfdT\
P\x07\x94\xfe\xcb\x9f\x02\xff\x00\xe1\x9b>\x04\xf8g\xe1\
\xc7\xf6\xdf\xfc$_\xd8\xbfi\xff\x00\x89\x9f\xd9>\xcb\
\xe7y\xd7R\xcf\xfe\xab{\xed\xc7\x9b\xb7\xef\x1c\xed\xcf\
\x19\xc0\xf2\xbf\xdb\x9b\xf6\x18\xff\x00\x86\xd0\xff\x00\x84'\
\xfe+o\xf8C\xbf\xe1\x1a\xfbo\xfc\xc2~\xdd\xf6\x9f\
\xb4}\x9f\xfe\x9b\xc5\xb3o\xd9\xfd\xf3\xbb\xb69\xea\xfe\
)~\xde\x9f\x02\xbe\x0a\xf8\xebR\xf0o\x8c\xfcs\xfd\
\x8d\xe2M;\xca7V_\xd9\x17\xf3\xf9~dI*\
|\xf1@\xc8r\x92)\xe1\x8e3\x83\xc8\x22\xb9O\xf8\
z?\xec\xc5\xff\x00E7\xff\x00(\x1a\xa7\xff\x00#\
P\x07\xca\xdf\xf0\xe3?\xfa\xad\x9f\xf9j\x7f\xf7m\x1f\
\xf0\xe3/\xfa\xad\x7f\xf9j\x7f\xf7m}\xa5\xf0\xbf\xf6\
\xf7\xf8\x11\xf1\x9b\xc7:g\x83\xbc\x1d\xe3\xaf\xed\x8f\x12\
j^o\xd9,\xbf\xb2/\xe0\xf3<\xb8\x9eW\xf9\xe5\
\x81Pa#s\xcb\x0c\xe3\x03$\x81_@\x03\x9a\x00\
Z(\xa2\x80\x0a(\xa2\x80\x0a(\xa2\x80\x0a\xf9W\xfe\
\x0a\x8f\xff\x00&'\xf17\xfe\xe1\x9f\xfat\xb4\xaf\xaa\
\xab\xe5_\xf8*?\xfc\x98\x9f\xc4\xdf\xfb\x86\x7f\xe9\xd2\
\xd2\x80?\x00k\xfa\xa8\xaf\xe5^\xbf\xaa\x8a\x00\xfc\x00\
\xff\x00\x82\xa2\xff\x00\xc9\xf4|K\xff\x00\xb8g\xfe\x9b\
-+\xe5j\xfa\xa7\xfe\x0a\x8b\xff\x00'\xd1\xf1/\xfe\
\xe1\x9f\xfal\xb4\xaf\x95\xa8\x00\xa2\x8a(\x03\xfa\xa4\x8f\
\xa2\x7f\xbb\xfe\x15\xf8\x0f\xff\x00\x05B\xff\x00\x93\xe7\xf8\
\x95\xf4\xd3\x7f\xf4\xd7i_\xbf\x11\xf4O\xf7\x7f\xc2\xbf\
\x01\xff\x00\xe0\xa8_\xf2|\xff\x00\x12\xbe\x9ao\xfe\x9a\
\xed(\x03\xeao\xf8!\x9f\xfc\xd6\xcf\xfb\x82\x7f\xed\xfd\
}S\xff\x00\x05C\xff\x00\x93\x14\xf8\x9b\xff\x00p\xcf\
\xfd:ZW\xca\xdf\xf0C?\xf9\xad\x9f\xf7\x04\xff\x00\
\xdb\xfa\xfa\xa7\xfe\x0a\x87\xff\x00&)\xf17\xfe\xe1\x9f\
\xfat\xb4\xa0\x0f\xc0\x81\xf3p8\xc7\xeb_\xd5\x08p\
\xdc\x821\xfc\xeb\xf9]bA\xef\x91\xebJ\xf2n9\
9\xeb\xf9\xd0\x07\xf5F\x0d~V\xff\x00\xc1sz|\
\x14\xff\x00\xb8\xdf\xfe\xd8W\xd4\xff\x00\xf0K\xaf\xf91\
?\x86\x7f\xf7\x13\xff\x00\xd3\xa5\xdd|\xb1\xff\x00\x05\xcd\
\xe9\xf0S\xfe\xe3\x7f\xfba@\x1f\x95jv\x9c\xd2g\
5\xf5g\xfc\x12\xe4\x7f\xc6t|5\xff\x00\xb8\x97\xfe\
\x9a\xee\xeb\xf7\xe6\x80?\x95\xca\xfd\xfc\xff\x00\x82\x5c\xff\
\x00\xc9\x8a|3\xff\x00\xb8\x9f\xfe\x9c\xee\xeb\xeaz\xfc\
\x06\xff\x00\x82\xa3\x7f\xc9\xf3\xfcJ\xff\x00\xb8o\xfe\x9a\
\xed(\x03\xea\x8f\xf8.w\xfc\xd1?\xfb\x8d\xff\x00\xed\
\x85|\xab\xff\x00\x04\xb8\xff\x00\x93\xec\xf8e\xff\x00q\
?\xfd5\xdd\xd7\xd5_\xf0CO\xf9\xad\x7f\xf7\x03\xff\
\x00\xdb\xfa\xfdT\xa0\x02\x8a(\xa0\x02\x8a\xfc\x05\xff\x00\
\x82\xa3\x7f\xc9\xf4|J\xff\x00\xb8o\xfe\x9a\xed+\xea\
o\xf8!\x8f\xfc\xd6\xcf\xfb\x82\x7f\xed\xfd\x00}S\xff\
\x00\x05E\xff\x00\x93\x16\xf8\x9b\xff\x00p\xcf\xfd9\xda\
W\xe0\x15\x7fU\x14P\x07\xf2\xafE\x15\xfb\xf9\xff\x00\
\x04\xba\xff\x00\x93\x13\xf8i\xff\x00q?\xfd:]\xd0\
\x07\xe0\x1e\x0d\x185\xfdR\x001F\x05\x00\x7f+x\
4`\xd7\xf5I\x81F\x05\x00\x7f+tW\xd5\x7f\xf0\
To\xf9>\xaf\x89\x9fM3\xff\x00M\x96\x95\xf5O\
\xfc\x10\xcb\xa7\xc6\xbf\xfb\x82\xff\x00\xed\xfd\x00~U\xd1\
_\xbf\x7f\xf0TB\x9f\xf0\xc2\xff\x00\x138\xe7\xfe%\
\x9d\xbf\xea'k_\x80\x94\x00\xea+\xfa\xa6\xaf\xc0\x0f\
\xf8*7\xfc\x9fW\xc4\xcf\xfb\x86\x7f\xe9\xb2\xd2\x80>\
X\xa2\xbfT?\xe0\x86\xbf\xf3Z\x7f\xee\x0b\xff\x00\xb7\
\xf5\xfa\xaa:P\x07\xf2\xb1_\xd5E&)h\x03\xf0\
\x03\xfe\x0a\x8b\xff\x00'\xd1\xf1/\xfe\xe1\xbf\xfal\xb4\
\xaf\x95\xab\xea\x9f\xf8*/\xfc\x9fG\xc4\xbf\xfb\x86\xff\
\x00\xe9\xb2\xd2\xbe\xab\xff\x00\x82\x18\xff\x00\xcdk\xff\x00\
\xb8/\xfe\xdf\xd0\x07\xca\xbf\xf0K\xaf\xf9>\x9f\x86_\
\xf7\x13\xff\x00\xd3e\xdd~\xff\x00QE\x00\x14QE\
\x00\x14QE\x00\x14QE\x00\x15\xf2\xaf\xfc\x15\x1f\xfe\
LO\xe2o\xfd\xc3?\xf4\xe9i_UW\xca\xbf\xf0\
T\x7f\xf91?\x89\xbf\xf7\x0c\xff\x00\xd3\xa5\xa5\x00~\
\x00\xd7\xf5Q_\xca\xbd\x7fU\x14\x01\xf8\x01\xff\x00\x05\
E\xff\x00\x93\xe8\xf8\x97\xff\x00p\xcf\xfd6ZW\xca\
\xd5\xfbS\xfbQ\x7f\xc1)?\xe1\xa4\xfe:x\x97\xe2\
7\xfc-\x1f\xf8G\x7f\xb6~\xcd\xff\x00\x12\xdf\xf8G\
\xbe\xd5\xe4\xf96\xb1A\xfe\xb3\xedI\xbb>V\xef\xba\
1\xbb\x1c\xe3'\xca\xbf\xe1\xc6?\xf5[?\xf2\xd4\xff\
\x00\xee\xda\x00\xfc\xab\xa2\xbfU?\xe1\xc6?\xf5[?\
\xf2\xd4\xff\x00\xee\xda?\xe1\xc6?\xf5[?\xf2\xd4\xff\
\x00\xee\xda\x00\xfdP\x8f\xa2\x7f\xbb\xfe\x15\xf8\x0f\xff\x00\
\x05B\xff\x00\x93\xe7\xf8\x95\xf4\xd3\x7f\xf4\xd7i_\xbf\
*6\x95\x1e\x83\x1f\xca\xbf\x01\xbf\xe0\xa8_\xf2|\xff\
\x00\x12\xbe\x9ao\xfe\x9a\xed(\x03\xeao\xf8!\x9f\xfc\
\xd6\xcf\xfb\x82\x7f\xed\xfd}S\xff\x00\x05C\xff\x00\x93\
\x14\xf8\x9b\xff\x00p\xcf\xfd:ZW\xca\xdf\xf0C?\
\xf9\xad\x9f\xf7\x04\xff\x00\xdb\xfa\xfa\xa7\xfe\x0a\x87\xff\x00\
&)\xf17\xfe\xe1\x9f\xfat\xb4\xa0\x0f\xc0n\xf5\xfb\
\xf7\xff\x00\x0e\xb9\xfd\x98\xbf\xe8\x99\xff\x00\xe5\x7fS\xff\
\x00\xe4\x9a\xfc\x04\xaf\xea\x97\x02\x80?\x16?j\x1f\xda\
\x8f\xe2\x7f\xecc\xf1\xcf\xc4\xbf\x07>\x0dx\x9b\xfe\x10\
\xef\x86\xfe\x1b\xfb/\xf6V\x8b\xf6\x0b[\xef\xb3\xfd\xa2\
\xd6+\xa9\xbf}u\x14\xb3>\xe9\xa7\x95\xbeg8\xdd\
\x81\x85\x00\x0fU\xfd\x86G\xfc<\x9b\xfe\x13o\xf8h\
\xef\xf8\xb8\xdf\xf0\x86}\x87\xfb\x07\xfea\x7fc\xfb_\
\xda>\xd3\xff\x00\x1e>G\x99\xbf\xec\x96\xff\x00\xeb7\
m\xd9\xf2\xe3sg\xd5?j\x0f\xf8%/\xfc4\x8f\
\xc7?\x12\xfcF\xff\x00\x85\xa3\xff\x00\x08\xef\xf6\xcf\xd9\
\x7f\xe2[\xff\x00\x08\xff\x00\xda\xbc\x9f&\xd6\x1b\x7f\xf5\
\x9fjM\xd9\xf2\xb7}\xd1\x8d\xd8\xe7\x19>\xad\xfb\x0d\
~\xc3_\xf0\xc5\xff\x00\xf0\x9b\x7f\xc5m\xff\x00\x09\x8f\
\xfc$\x9fb\xff\x00\x98O\xd8~\xcd\xf6\x7f\xb4\x7f\xd3\
yw\xee\xfbG\xb66\xf7\xcf\x00\x1dG\xc2\xff\x00\xd8\
#\xe0G\xc1\x8f\x1di\x9e1\xf0w\x81\x7f\xb1\xfcI\
\xa6\xf9\x86\xd2\xf4\xea\xf7\xf3\xf9~dO\x13\xfc\x92\xce\
\xc8r\x928\xe5N3\x91\x82\x01\xaf~\xaf-\xfd\xa8\
\xbe9\x8f\xd9\xaf\xe0W\x89\xbe#\x9d\x13\xfe\x12!\xa2\
\xfd\x97:h\xba\xfb/\x9d\xe7]E\x07\xfa\xcd\x8f\xb7\
o\x9b\xbb\xee\x9c\xed\xc7\x19\xc8\xfc\xfe\xff\x00\x87\xe6\x7f\
\xd5\x13\xff\x00\xcb\xaf\xff\x00\xb8\xa8\x03\xf5N\xbf\x01\xbf\
\xe0\xa8\xdf\xf2|\xff\x00\x12\xbf\xee\x1b\xff\x00\xa6\xbbJ\
\xfd\xf7\x8f,\x83$g\xdb\x91_\x03~\xd4\x7f\xf0J\
o\xf8iO\x8e\x9e%\xf8\x8d\xff\x00\x0bG\xfe\x11\xcf\
\xed\x9f\xb3\x7f\xc4\xb7\xfe\x11\xff\x00\xb5y>U\xac0\
\x7f\xac\xfbRn\xcf\x95\xbb\xee\x8cn\xc78\xc9\x00\xf2\
\x9f\xf8!\xa7\xfc\xd6\xbf\xfb\x81\xff\x00\xed\xfd~\xaaW\
\xe5n\x07\xfc\x11yNI\xf8\xc2~$\x91\xdb\xfb\x0f\
\xfb;\xfb?\xff\x00\x02|\xdf3\xed\xff\x00\xecm\xf2\
\xbf\x8bw\x1e\xa5\xfb/\xff\x00\xc1V\xcf\xed%\xf1\xcf\
\xc3_\x0eG\xc2\xdf\xf8G\xbf\xb6M\xcf\xfcL\xbf\xe1\
!\xfbW\x93\xe4\xdbK?\xfa\xbf\xb2\xa6\xec\xf9[~\
\xf0\xc6\xec\xf3\x8cP\x07\xe8\x05\x14Q@\x1f>\xfcQ\
\xfd\x83\xfe\x06|i\xf1\xf6\xa7\xe3\x1f\x19x\x1f\xfbc\
\xc4:\x90\x8b\xedW\x9f\xda\xd7\xd0y\x868\x92$\xf9\
\x22\x9dPa#A\xc2\x8c\xe3'\x92Mu\xbf\x02\xff\
\x00e\xdf\x86?\xb3g\xf6\xdf\xfc+\x8f\x0c\xff\x00\xc2\
;\xfd\xb5\xe4}\xbf\xfd>\xe6\xeb\xce\xf2|\xcf+\xfd\
|\x8f\xb7\x1el\x9fw\x19\xdd\xcep1\xeaTP\x07\
\x81~\xde\xdf\x14<M\xf0c\xf6N\xf1\xcf\x8c\xbc\x1d\
\xa9\x0d\x1f\xc4\x9ag\xd8\x0d\xa5\xe9\xb7\x8a\x7f/\xcc\xbf\
\xb7\x89\xfeIU\x90\xe5$q\xca\x9cg#\x04\x03_\
\x90#\xfe\x0a\x8d\xfbN\xe7\xfeJo\xfeP4\xbf\xfe\
F\xaf\xda\x9f\xda\x8f\xe0g\xfc4\xa7\xc0\x9f\x13|8\
\xfe\xdb\xff\x00\x84s\xfbk\xec\xbf\xf13\xfb'\xda\xbc\
\x9f&\xea)\xff\x00\xd5oM\xd9\xf2\xb6\xfd\xe1\x8d\xd9\
\xe7\x18?\x00\x7f\xc3\x8c\x7f\xea\xb6\x7f\xe5\xa9\xff\x00\xdd\
\xb4\x01\xf9`_21 1bNzW\xef\xbf\xfc\
\x12\xeb\xfeLS\xe1\xa7\xfd\xc4\xff\x00\xf4\xe9w_\x80\
\xf2\x00\x5c\xe0\x1f\xe5_\xbf\x1f\xf0K\xaf\xf91O\x86\
\x9f\xf7\x13\xff\x00\xd3\xa5\xdd\x00yW\xfc\x15c\xf6\xa3\
\xf8\x9b\xfb5\xaf\xc2\xef\xf8W\x1e&\xff\x00\x84t\xeb\
_\xda\x9fo\xff\x00@\xb5\xba\xf3\xbc\x9f\xb2y\x7f\xeb\
\xe2}\xb8\xf3d\xfb\xb8\xce\xees\x81\x8f\x80\x7f\xe1\xe8\
\xdf\xb4\xe7\xfd\x14\xcf\xfc\xa0i\x9f\xfc\x8d_T\xff\x00\
\xc1r\xfa|\x13\xff\x00\xb8\xdf\xfe\xd8W\xc0_\xb2\xe7\
\xc0\xbf\xf8iO\x8e\xde\x19\xf8q\xfd\xb7\xff\x00\x08\xe7\
\xf6\xd7\xda\xbf\xe2g\xf6O\xb5y>M\xac\xb3\xff\x00\
\xaa\xde\x9b\xb3\xe5m\xfb\xc3\x1b\xb3\xce0@=S\xfe\
\x1e\x8d\xfbN\x7f\xd1L\xff\x00\xca\x06\x99\xff\x00\xc8\xd4\
\x7f\xc3\xd1\xbfi\xcf\xfa)\x9f\xf9@\xd3?\xf9\x1a\xbe\
\xab\xff\x00\x87\x18\xff\x00\xd5l\xff\x00\xcbS\xff\x00\xbb\
h\xff\x00\x87\x18\xff\x00\xd5l\xff\x00\xcbS\xff\x00\xbb\
h\x03\xd5\x7fe\xbf\xd9w\xe1\x8f\xed\xa3\xf0'\xc3?\
\x19>2xg\xfe\x13\x1f\x89\x1e%\xfbW\xf6\xae\xb5\
\xf6\xfb\xab\x1f\xb4\xfd\x9e\xea[X\x7fsk,P\xa6\
\xd8m\xe2O\x91\x06v\xe4\xe5\x89'\xea\xaf\x81\x9f\xb2\
\xe7\xc3\x1f\xd9\xb3\xfbo\xfe\x15\xc7\x86\x7f\xe1\x1c\xfe\xda\
\xf2>\xdf\xfe\x9fuu\xe7y>g\x97\xfe\xbeW\xdb\
\x8f6O\xbb\x8c\xee\xe78\x18?e\xcf\x81\x7f\xf0\xcd\
\x7f\x02|3\xf0\xe3\xfbo\xfe\x12?\xec_\xb5\x7f\xc4\
\xcf\xec\x9fe\xf3\xbc\xeb\xa9g\xff\x00U\xbd\xf6\xe3\xcd\
\xdb\xf7\x8ev\xe7\x8c\xe0y_\xed\xcd\xfbs\x0f\xd8\xb9\
|\x14O\x82\x8f\x8c\x0f\x89\x0d\xef\x1f\xda\xbfa\xfb?\
\xd9\xfc\x8f\xfac.\xed\xdfh\xf6\xc6\xde\xf9\xe0\x02?\
\xf8*/\xfc\x98\xb7\xc4\xcf\xfb\x86\x7f\xe9\xce\xd6\xbf\x01\
+\xef\xdf\xda\x8f\xfe\x0a\xb1\xff\x00\x0d'\xf0/\xc4\xdf\
\x0e\x7f\xe1W\xff\x00\xc2;\xfd\xb5\xf6o\xf8\x99\xff\x00\
\xc2A\xf6\xaf'\xc9\xb9\x8a\x7f\xf5_eM\xd9\xf2\xb6\
\xfd\xe1\x8d\xd9\xe7\x18?\x01`\x9a\x00\xfe\xaa+\xe7\xff\
\x00\x8a?\xb0W\xc0\x9f\x8d\x1e:\xd4\xfce\xe3/\x03\
\x7fl\xf8\x93R\xf2\xbe\xd7{\xfd\xaf\x7f\x07\x99\xe5\xc4\
\x91'\xc9\x14\xea\x83\x09\x1a\x0e\x14g\x19<\x92k\xe2\
\xbf\xf8~w\xfdQ?\xfc\xba\xff\x00\xfb\x8a\xbf@?\
e\xef\x8e_\xf0\xd2_\x02\xfc5\xf1\x1b\xfb\x13\xfe\x11\
\xdf\xed\x9f\xb5\x7f\xc4\xb7\xed\x7fj\xf2|\x9b\xa9`\xff\
\x00Y\xb17g\xca\xdd\xf7F7c\x9cd\x80~\x7f\
\xfe\xdc\xca\xbf\xf0M\x83\xe0\x9f\xf8g<\xfc:\xff\x00\
\x84\xd0_\x7foc\xfe&\x9fl\xfb'\xd9\xfe\xcd\xff\
\x00\x1f\xde\x7f\x97\xb3\xeds\xff\x00\xab\xdb\xbb\x7f\xcd\x9c\
.9?\xd8+\xf6\xf3\xf8\xeb\xf1\xa7\xf6\xb1\xf07\x83\
|e\xe3\x9f\xed\x9f\x0d\xea_n\xfb]\x97\xf6E\x8c\
\x1eg\x97aq*|\xf1@\xae0\xf1\xa1\xe1\x86q\
\x83\xc1\x22\xba\xcf\xf8.w\xfc\xd1?\xfb\x8d\xff\x00\xed\
\x85|\x01\xfb.|t\xff\x00\x86k\xf8\xed\xe1\x9f\x88\
\xff\x00\xd8\x9f\xf0\x91\xff\x00b\xfd\xab\xfe%\x9fk\xfb\
/\x9d\xe7Z\xcb\x07\xfa\xdd\x8f\xb7\x1en\xef\xbas\xb7\
\x1cg \x03\xfaS\xaf\xc0C\xff\x00\x05F\xfd\xa6\xbf\
\xe8\xa6\x7f\xe5\x03K\xff\x00\xe4z\xfa\x9f\xfe\x1f\x9d\xff\
\x00TO\xff\x00.\xbf\xfe\xe2\xa6\xa7\xfc\x10\xcc\xb2\xe4\
\xfck\x00\xfbxW?\xfb{@\x1f\x9b\x7f\x13\xfe'\
x\x93\xe37\x8e5/\x18\xf8\xc3R\xfe\xd8\xf1\x1e\xa5\
\xe5}\xaa\xf7\xc8\x8a\x0f3\xcb\x89\x22O\x92%T\x18\
H\xd0p\x06q\x93\x92I\xaf\xd2o\xf8!\x97\xfc\xd6\
\xbf\xfb\x82\xff\x00\xed\xfd\x1f\xf0\xe3/\xfa\xad\xbf\xf9j\
\x7f\xf7m}S\xfb\x0c~\xc3\x1f\xf0\xc5\xc7\xc6\xdf\xf1\
[\xff\x00\xc2c\xff\x00\x09'\xd8\xbf\xe6\x13\xf6\x1f\xb3\
}\x9f\xcf\xff\x00\xa6\xf2\xef\xdd\xe7\xfbco|\xf0\x01\
\xd5\xfe\xde\xdf\x14|O\xf0c\xf6N\xf1\xcf\x8c\xbc\x1b\
\xa9\xff\x00c\xf8\x93L\xfb\x07\xd9/~\xcf\x14\xfe_\
\x99\x7fo\x13\xfc\x92\xab!\xcaH\xe3\x958\xceF\x08\
\x06\xbf \x7f\xe1\xe8\xff\x00\xb4\xef\xfd\x14\xdf\xfc\xa0i\
\x7f\xfc\x8d_\xaa\x9f\xf0T\x7f\xf91?\x89\x9f\xf7\x0c\
\xff\x00\xd3\xa5\xa5~\x00\xd0\x07\xf5QE\x14P\x01E\
\x14P\x01E\x14P\x01_*\xff\x00\xc1Q\xff\x00\xe4\
\xc4\xfe&\xff\x00\xdc3\xff\x00N\x96\x95\xf5U|\xab\
\xff\x00\x05G\xff\x00\x93\x13\xf8\x9b\xff\x00p\xcf\xfd:\
ZP\x07\xe0\x0d~\xff\x00\x7f\xc3\xd1?f?\xfa)\
\x9f\xf9A\xd5?\xf9\x1a\xbf\x00h\xa0\x0f\xdf\xef\xf8z\
'\xec\xc7\xff\x00E3\xff\x00(Z\xa7\xff\x00#Q\
\xff\x00\x0fD\xfd\x98\xff\x00\xe8\xa6\x7f\xe5\x0bT\xff\x00\
\xe4j\xfc\x01\xa2\x80?\x7f\xbf\xe1\xe8\x9f\xb3\x1f\xfd\x14\
\xcf\xfc\xa1j\x9f\xfc\x8dG\xfc=\x13\xf6c\xff\x00\xa2\
\x99\xff\x00\x94-S\xff\x00\x91\xab\xf0\x06\x8a\x00\xfd\xfe\
\xff\x00\x87\xa2~\xcc\x7f\xf4S?\xf2\x83\xaa\x7f\xf25\
~A\xfe\xde\x7f\x14|1\xf1\x9b\xf6\xae\xf1\xc7\x8c|\
\x1d\xa9\xff\x00lxsR\x16?e\xbd\xf2%\x87\xcc\
\xf2\xec-\xe2\x7f\x92EW\x18x\xdcr\x07N20\
O\xcf\xb4P\x07\xea\x97\xfc\x10\xcf\xfekg\xfd\xc1?\
\xf6\xfe\xbe\xd3\xfd\xbc\xfe\x17\xf8\x9b\xe37\xec\x9b\xe3\xaf\
\x07x;L\xfe\xd8\xf1\x1e\xa5\xf6\x0f\xb2\xd9}\xa2(\
<\xcf.\xfe\xdeW\xf9\xe5eA\x84\x8d\xcf,3\x8c\
\x0c\x92\x05|Y\xff\x00\x043\xff\x00\x9a\xd9\xff\x00p\
O\xfd\xbf\xaf\xd5>\xbcP\x07\xe0(\xff\x00\x82]~\
\xd3\x84g\xfe\x15\x9f\xfeW\xb4\xcf\xfeI\xaf\xd4\xf1\xff\
\x00\x05D\xfd\x993\xff\x00%3\xff\x00(:\xa7\xff\
\x00#W\xd5\xd5\xfc\xab\xd0\x07\xef\xf0\xff\x00\x82\xa2~\
\xcc\x7f\xf4S?\xf2\x83\xaa\x7f\xf25\x1f\xf0\xf4O\xd9\
\x8f\xfe\x8ag\xfePuO\xfeF\xaf\xc0\x1c\xd1\x9a\x00\
\xfd\x7f\xfd\xbd?o/\x81_\x1a\x7fd\xff\x00\x1c\xf8\
7\xc1\xbe9\xfe\xd8\xf1\x1e\xa5\xf6\x1f\xb2\xd9\x7fd\xdf\
\xc1\xe6yw\xd6\xf2\xbf\xcf,\x0a\x83\x09\x1b\x9eXt\
\xc7R\x01\xfc\x80\xa34P\x07\xef\xda\x7f\xc1Q?f\
0\x00\xff\x00\x85\x99\xff\x00\x94\x1dS\xff\x00\x91\xaaO\
\xf8z'\xec\xc7\xff\x00E3\xff\x00(:\x9f\xff\x00\
#W\xe0\x05:\x80>\xfe\xff\x00\x82\xad\xfe\xd4\x7f\x0c\
\x7fi?\xf8U\xdf\xf0\xae<M\xff\x00\x09\x17\xf6/\
\xf6\xa7\xdb\xff\x00\xd0.\xad|\x9f;\xec~W\xfa\xf8\
\x93v|\xa9>\xeeq\xb7\x9cdg\xc0\x7f`\xbf\x8a\
^\x18\xf81\xfbV\xf8\x1f\xc6\x1e1\xd4\x8e\x91\xe1\xdd\
4\xde\xfd\xaa\xf7\xec\xf2\xcf\xe5\xf9\x967\x11'\xc9\x12\
\xb3\x9c\xbc\x888S\x8c\xe4\xe0\x02k\xe7\xfam\x00~\
\xff\x00\x7f\xc3\xd0\xbff?\xfa)\xbf\xf9A\xd5?\xf9\
\x1a\xbe\xa8&\xbf\x95\x9a\xfe\xa9h\x03\xc0~)~\xde\
\x7f\x02\xbe\x0bx\xebR\xf0o\x8c\xfcs\xfd\x8d\xe2M\
7\xca\xfbU\x97\xf6E\xfc\xfe_\x99\x12J\x9f<P\
2\x1c\xa4\x88xc\x8c\xe0\xf2\x08\xae\xab\xe0_\xedE\
\xf0\xc7\xf6\x94\xfe\xdb\xff\x00\x85q\xe2o\xf8H\xbf\xb1\
|\x8f\xb7\xff\x00\xa0]Z\xf9>w\x99\xe5\x7f\xaf\x89\
7g\xca\x93\xee\xe7\x1by\xc6F\x7f\x16\xff\x00\xe0\xa9\
?\xf2|\xff\x00\x12\xbf\xee\x19\xff\x00\xa6\xcbJ\xfa\x9f\
\xfe\x08c\xff\x005\xb3\xfe\xe0\x9f\xfb\x7f@\x1f\xaa\x94\
QE\x00~\x01\xaf\xfc\x12\xf3\xf6\x9c\xe3\xfe-\x97\xfe\
W\xb4\xbf\xfeI\xaf\xbe\xff\x00e\xdf\xda\x8f\xe1\x8f\xec\
]\xf0+\xc3_\x06\xbe2x\x9b\xfe\x10\xef\x89\x1e\x1b\
\xfbW\xf6\xae\x8b\xf6\x0b\xab\xef\xb3}\xa2\xea[\xa8\x7f\
}k\x14\xb0\xbe\xe8n\x22\x7f\x91\xce7`\xe1\x81\x03\
\xf4\x06\xbf\x00\x7f\xe0\xa8\xff\x00\xf2}\x9f\x13\x7f\xee\x19\
\xff\x00\xa6\xbbJ\x00\xf5?\xf8*\xcf\xedE\xf0\xc7\xf6\
\x93\xff\x00\x85]\xff\x00\x0a\xe3\xc4\xdf\xf0\x91\xff\x00b\
\xff\x00j}\xbf\xfd\x02\xea\xd7\xc9\xf3\xbe\xc9\xe5\x7f\xaf\
\x897g\xca\x93\xee\xe7\x1by\xc6F|\xb3\xfe\x09q\
\xff\x00'\xd9\xf0\xcb\xfe\xe2\x7f\xfak\xbb\xaf\x95k\xea\
\xaf\xf8%\xc7\xfc\x9fg\xc3/\xfb\x89\xff\x00\xe9\xae\xee\
\x80?\x7f\xa8\xa2\x8a\x00\xf0\x1f\x8a?\xb7\x8f\xc0\xcf\x82\
\xfe9\xd4\xfc\x1f\xe3\x1f\x1b\xff\x00c\xf8\x8fM\xf2\xbe\
\xd5e\xfd\x93}?\x97\xe6D\x92\xa7\xcf\x14\x0c\x87)\
\x22\x1e\x18\xe38<\x82+\xf3[\xfe\x0a\xb5\xfbQ|\
2\xfd\xa4\x97\xe1\x87\xfc+\x9f\x12\xff\x00\xc2C\xfd\x8d\
\xfd\xa9\xf6\xff\x00\xf4\x0b\x9b_'\xce\xfb\x1f\x97\xfe\xbe\
$\xdd\x9f&O\xbb\x9cm\xe7\x19\x19\xf2\x8f\xf8*\x1f\
\xfc\x9fG\xc4\xdf\xfb\x86\x7f\xe9\xb2\xd2\xbeU\xa0\x0e\xab\
\xe1w\xc2\xef\x13\xfcg\xf1\xd6\x99\xe0\xdf\x07i\x9f\xdb\
\x1e$\xd4\xbc\xdf\xb2Y}\xa2(<\xcf.'\x95\xfe\
yYPa#s\xcb\x0c\xe3\x03$\x81_@\xff\x00\
\xc3\xae\xff\x00i\xbf\xfa&M\xff\x00\x83\xfd3\xff\x00\
\x92h\xff\x00\x82^\x8f\xf8\xce\xaf\x86_]K\xff\x00\
MwU\xfb\xfb@\x1f\xca\xdb.\xce\x0e\xd2s\xc9\xeb\
_\xaf\x9f\xb0g\xed\xe5\xf03\xe0\xc7\xec\xa3\xe0\x7f\x07\
x\xc3\xc6\xff\x00\xd8\xfe\x22\xd3~\xdd\xf6\xab3\xa4_\
\xcf\xe5\xf9\x97\xd7\x12\xa7\xcf\x14\x0e\x87(\xe8xc\x8c\
\xe0\xf2\x0d~A\x1f\xba?\xcfzfh\x03\xef\xff\x00\
\xf8*\xdf\xedE\xf0\xc7\xf6\x93\xff\x00\x85]\xff\x00\x0a\
\xe7\xc4\xdf\xf0\x91\x1d\x17\xfbS\xed\xff\x00\xe8\x17V\xbe\
O\x9d\xf6O+\xfd|I\xbb>T\x9fw8\xdb\xce\
23\xf1O\xc2\xff\x00\x85\xfe&\xf8\xcd\xe3\x9d3\xc1\
\xde\x0e\xd3?\xb6<G\xa9y\xbfd\xb2\xfbDPy\
\xbe\x5cO+\xfc\xf2\xb2\xa0\xc2F\xe7\x923\x8c\x0c\x92\
\x05r\xd5\xf5W\xfc\x12\xeb\xfeO\xa7\xe1\x97\xfd\xc4\xff\
\x00\xf4\xd9w@\x07\xfc:\xef\xf6\x9b\xff\x00\xa2d\x7f\
\xf0}\xa6\x7f\xf2M~\xa9\x7f\xc3\xd0\xff\x00fM\xb9\
\x1f\x12\xf8\xe9\x9f\xec\x0dS\x1f\xfaM_VW\xf2\xae\
(\x03\xf7\xef\xfe\x1e\x8d\xfb2\x7f\xd1L\x1f\xf8!\xd5\
?\xf9\x16\x8f\xf8z7\xec\xc9\xff\x00E0\x7f\xe0\x87\
T\xff\x00\xe4Z\xfc\x04\xa2\x80?_\x7fo/\xdb\xcf\
\xe0_\xc6\xaf\xd9?\xc7^\x0d\xf0o\x8eF\xb1\xe2M\
HX\x9b[/\xec\x9b\xf8<\xcf.\xfe\xdeW\xf9\xe5\
\x81\x10a#s\xcb\x0c\xe3\x03$\x81_\x90TQ@\
\x1f\xd5E\x14Q@\x05\x14Q@\x05\x14Q@\x05\x14\
Q@\x05\x14Q@\x05\x14Q@\x05\x14Q@\x05\x14\
Q@\x05\x14Q@\x05\x14Q@\x05\x14Q@\x05\x14\
Q@\x05\x14Q@\x05\x14Q@\x05\x14Q@\x05\x14\
Q@\x05\x14Q@\x05\x14Q@\x05\x14Q@\x05\x14\
Q@\x05\x14Q@\x05\x14Q@\x05\x14Q@\x05\x14\
Q@\x05\x14Q@\x05\x14Q@\x05\x14Q@\x05\x14\
Q@\x05\x14Q@\x05\x14Q@\x05\x14Q@\x05\x14\
Q@\x05\x14Q@\x05\x14Q@\x05\x14Q@\x05\x14\
Q@\x05\x14Q@\x05\x14Q@\x05\x14Q@\x05\x14\
Q@\x05\x14Q@\x05\x14Q@\x05\x14Q@\x05\x14\
Q@\x05\x14Q@\x05\x14Q@\x05\x14Q@\x05\x14\
Q@\x05\x14Q@\x05\x14Q@\x05\x14Q@\x05\x14\
Q@\x05\x14Q@\x05\x14Q@\x05\x14Q@\x05\x14\
Q@\x1f\xff\xd9\x136\x06\x01\x00\x00\x00\x00\xbaF\xf0\
\xc9\x17\xb4 r-\x8c_\x0c\xda\x99g\xa0\
\x00\x00A^\
\x89\
PNG\x0d\x0a\x1a\x0a\x00\x00\x00\x0dIHDR\x00\
\x00\x02\x00\x00\x00\x02\x00\x08\x06\x00\x00\x00\xf4x\xd4\xfa\
\x00\x00A%IDATx\x9c\xed\xdd\x09\xbc$U\
}\xe8\xf1\x7fu\xf7\xbdwV\xe6\x0e\x0c0\xc3>\xec\
\xcc\xc2\x00Q\xe3\x16\x8d\xc6D\xf2\x8cF\x8d&*h\
\xd4\x88\xfa\xd0\x80\xa8(\xcf\xb8%\x10\x91\xb8\xa0\xd1\xf0\
\x91\x17\x95<^\xd4\xc4\xa7\x891j\xcc\xcbbb|\
&nl\x03\x03\x03(\xfb\xcc\xb0\x0d\xce>\xf7\xde\xee\
\xae\xf79\xd5U\xd5\xa7\xaa\xab\xaa\xab\xba\xab\xbb\xab\xea\
\xfc\xbe\xda\xf4\xbd\xbdTW\x9f\xe9\xdb\xff\xff\xf9\x9fS\
\xa7,A!\x1du\xd4\x99\xf6\xa4\xf7\x01\x00\xf2\xb0m\
\xdb-\x16-Y<\xfc\xa3L\xc8\x9a5\x1b\x09\xf0\x00\
 \x22\xdb\xb7o&\x16M\x00\x8d>\x06\x04{\x00\xc8\
\x86\xa4`\xf4H\x00F\x80\x80\x0f\x00\xf9\x22!\xc8\x1f\
\x09@\x0e\x08\xf8\x000^$\x04\xc3#\x01\x18\x10A\
\x1f\x00\x8a\x81d`0$\x00\x19\x10\xf4\x01\xa0\xd8H\
\x06\xd2#\x01(h\xd0o\xdct\xd5i\x93x]\x00\
\x18\x85\xe6Y\xef\xde:\xee\x96%\x19HF\x020\xc1\
\xc0O\x90\x07\x80\xd1'\x07$\x02\xd1H\x00\xc6\x14\xf4\
\xb3\x06\xfbId\xcb\x00P\xf5\xef@\x92\x81.\x12\x80\
\x11\x05\xfe4\x1fv\x82<\x00L\xe6\xfbr;\x8b\x0f\
\x99\x9d\x00\xe4\x19\xf8\xfb}\x80\x09\xf6\x00P\xbc\xef\xd4\
\xed\x06'\x02F\xbe\xf1\xbc\x02\x7f\xd2\x07\x94\x80\x0f\x00\
\xf9\x19\xf5\xf7\xedv\x03\x13\x01\xa3\xdep\x1e\x81?\xee\
CH\xc0\x07\x80\xf1\x19\xd5w\xf1v\x83\x12\x01#\xde\
\xe8\xa8\x02?A\x1f\x00&o\x14\xdf\xcf\xdb\x0dH\x04\
*\xff\x06\x87\x09\xfe\x04}\x00(\x97<\xbf\xb7\xb7W\
<\x09\xa8\xec\x9b#\xf0\x03\x80\xb9H\x04\x0cL\x00\xf2\
\x0c\xfc\x94\xf8\x01\xa0\xfc\xf2\xfan\xdf^\xb1\x8a@\xa5\
\xde\xcc\xa0\xc1\x9f\xc0\x0f\x00\xd5\x97\xc7w\xfd\xf6\x0a%\
\x01\x95x#\x04~\x00@Z$\x02\x15I\x00\x06\x09\
\xfe\xf4\xf8\x01\x00\x8d!+\x02e\xaf\x06X&\x05\x7f\
\x02?\x00 \xcf\xd8\xb0\xbd\xc4I\x80eb\xaf\x9f\xc9\
}\x00\x80<\xe3D\x19\x13\x81\xd2\xed\xf0\x9a5\x1b2\
\xf6\xfa\xff$\x94\xd9\xbd\x8b\xb3\xec\x01\x00r\x8f\x19\xdb\
\xb7\xdfZ\xaa\x98jU5\xf8\x13\xf8\x01\x00\x83j\x0c\
\x98\x08\x94)\x09\xb0\xaa\xde\xeb\xa7\xc7\x0f\x00\x18Tc\
\xc0xR\x86D\xa0&\x05G\xf0\x07\x00LJS\x0b\
\xfa\xe1\xaa@\x9e\xb1k\x12\xac*\x96\xfc\xe9\xf5\x03\x00\
\xf2\xd6\x18 \xce\x14\xb9\x12P\xd8\x0a\x00\xc1\x1f\x00P\
\xf6j\xc0\x9a\x02W\x02\x0a\x99\x00\x10\xfc\x01\x00E\xd4\
\xacP\x12P\xb8\xd2D\xda\x86\xa2\xe4\x0f\x00\x98\xa4F\
\xc6!\x81\xa2\x0d\x07\x14\xaa\x02@\xf0\x07\x00\x94E\xd6\
j@\xd1*\x01\x85I\x00\x08\xfe\x00\x80\xb2i\x968\
\x09\xb0\xca\x18\xfc\x99\xe5\x0f\x00(\x9aF\x86\x18U\x84\
\xe1\x80\x89W\x00\x08\xfe\x00\x80*h\xba\x81\xbf,\x95\
\x80\x89&\x00\x04\x7f\x00@\x954K\x94\x04L,\x01\
 \xf8\x03\x00\xaa\xa8Y\x92$`\x22\x09\x00\xc1\x1f\x00\
Pe\xcd\x12$\x01cO\x00\x08\xfe\x00\x00\x134\x0b\
\x9e\x04\x8c5\x01 \xf8\x03\x00L\xd2,p\x120\xb6\
\xc3\x10V\xa7|cSn#-d8\xed\x22\x00\x00\
E6\x95!\xb6\xed\x18\xd3!\x82c\xa9\x00\x10\xfc\x01\
\x00&[p\x03\xbf\x97\x08\xe4\x113K\xbf\x0e\x80\x87\
\x9e?\x00\xa0\xca\x162$\x01\x95H\x00\xd2d2\x04\
\x7f\x00\x80\x09\x16R&\x01\xe3\xa8\x02\x8c4\x01 \xf8\
\x03\x00P\xcc$`d\x13\x0dV\xafY\x9f\xa2\xe7\xff\
\x11wR\xc4\xa5L\xf8\x03\x00\x18e*e\x0c\xdc\xb1\
\xfd6\xabRs\x00\xbc7\x0e\x00\x80\xc9\xa6&\x14\x0f\
k\x93\xea\xfd{\xe8\xfd\x03\x00L\x946\xfee\x89\xa9\
\x13M\x00(\xfd\x03\x00\x90-\x09\xe8W\x05\x18E\x12\
\x90k\x02@\xf0\x07\x00\xa0\x1cI\xc0X\xe7\x000\xee\
\x0f\x00@1\xe2dn\x09\x00\xe3\xfe\x00\x00\x94g>\
@.\x09\x00\xa5\x7f\x00\x00\xca5\x140\x96!\x00\x8e\
\xf7\x07\x00 \xbf$\xa0\x10\x09@\xbfL\x84q\x7f\x98\
\xc9N\xb8\x80v\x03\xfaK\x8a\x9fyT\x01\xc66\x09\
\x90\xe3\xfdQ]\xc1\x00\xdf\xf9_R\x0a@R@\xbb\
\x01\x93\x8f\x97\xd68z\xff\x04\x7fTO\xe7\xa3o\x8f\
\xe4\x8fq,\xa7\x02\x9f\x10\xda\x0dH+M\x0c\x1df\
\x99\xe0\xc6\xa0O\x5c\xbdz}\xa7#\x93\x06UOT\
\x82\xdd\xff#\x9d\xe5O\xd1\x8e\xfe\xd5\x0a\xdcQ\x85d\
\x80v\x03\x86b'\xc7\xe2\x1d;\x06K\x02F6\x04\
0u\xb3\x9b\xb9l\xe2D?\xa8\x82`\xe1\xdegi\
\x97\x9a%b\xb9\x97Z\xc2E\x7f\x8c\xfe|\xff\x95\xf4\
\xd7){\xf6L\xbb\x01\x83\xf2\xe2\xa7\x17O\xf3V\x1b\
\xb8\xf7\x9f`T;\x0b\x8c_\xc4\xc4=?hG\x07\
{\xbb\xae\xaek\x22\xf5\x9a\xd8\xdaE\xfd\xaen\xef\xdc\
\x1f\x93\x14\x84\x92\x81\xd8}(<\xda\x0d\xc8SR\x5c\
\xed\x17\x93s\x1f\x02H\x83\xde?*U\xb6\xf6\x02\xb3\
\x0a\xd4\xee\xb5\xed'\x02\xc1k\xe79\xde\xef\xdev\x9c\
\x98\xe8\xf6\xeb\xd5\xb5\xf7\xbb{m\x05b\xa6\xf78\xfd\
\xa5\xbb\x83\x04\xc5E\xbb\x01y\xc7\xd1Qu\xaa\xadQ\
\xf5\xfe\x09\xfe(\xaf\x88\xe9-\x11\x81\xde\xf6\xcb\xf8\xdd\
k\xcbM\x0a\xd4\xb5\x9f(\x046m;\xc1_\x05\xfb\
N\x12`\x8b\xb4\xbb\xd7VDb\x10U\x80(f\x12\
@\xbb\x01\xa3\x92&\xb6f\x9d\x0b0\xd2\x0a\x00P>\
\xa1 \xe6\xfc9i\x81\xbf&b\xab\xf2\xbe\xfaY\x95\
\xf2\x9d\xdbjbi\xe5|?\xf8{\xcf\xf17\xdd\x09\
\xe6\x9d o\x8b\xa5\x02\x7f\xdb\x16\xdb\xb9nw\x92\x83\
\x96w_[\xa4\x1d\xdc/o\xc7\xd4U\xa7\xc6P\xa4\
$\x80v\x03\xca&\xd37\x08\xbd\x7fT[D\x10\xd3\
\xcb\xfaN\x80Wc\xf9\x96X\xee\xb57\xd6\xdf\x09\xfe\
\xee\xb5>\xc1\xcfK\x1el-\x88k=~'\xf0\xab\
\xeb\x96\xban\x8b\xb4TB\xd0\xb9V\xbf;IBL\
5\xa08\x95\x00\xda\x0d(c\x15\x80\x0a\x00\x90\x18\xc4\
\xbc\xc0\xafz\xfc5\xb1T\xd0\xaf\xd7;A?pq\
+\x01Ne\xc0\xad\x108\xdb\x09O\x02p\xaf[\xed\
\xce\x10\x80\x17\xecU\x02\xe0^,u]k\x89\xdd\xb2\
\xc4v\x12\x03\xb7ZP\xc8J\x00\xed\x06\x94U\xeao\
\x0ez\xff\xa8\xaep\x10s{\xed\xde\xac~\xb7\x97o\
5j\x22\xea\xa2\x12\x00\xed\xdarg\xf7\xfb\x15\x00}\
V\x7f\xcfK\xe9\xbd\x7f\xaf\x02\xd0\xee\x04\xfa\xa6J\x00\
Z\x81k\xdb\xf9YU\x02\xdcJ\x81S\x11\xd0\x92\x89\
\x89V\x02h7\xa0\xccU\x00*\x000\x5ct\x10s\
z\xfd^\xaf\xde\x0b\xf6S*\xe0\xbb\xc1\xbfQ\x17K\
\xfd\xac\x1d\xde\xe7\xf5\xfc\x9d\xf9\x00\xda\xb6\xb4\x97\xea\x1e\
\x05\xe0\x95\xf6\xdd\xd2\xbf\xd3\xebo\xa8\x80\xaf\xb6\xa3\x82\
\xbf\xdafK,\xab\xd5\x99w\xd0T\xdb\xebL\x0a\xe8\
T\x03\xd4N\xda\x13\xac\x04\xd0n@\xd9\xa5\xfa\xc6X\
\xbdz]\x9f\x99\xff\x1fu3\x92w\x8ee\xfdb`\
\xd4=X\xff\xb8}\xd5\xc3w\x82\xbe\x9b\x00L\xb9\x81\
\xdf\x09\xfe\xdd\x04\xc0\x09\xfa\xeagg\xcc\xdf\xad\x02\xc4\
\xf1\x82\xbf\xb8C\x01\xde\x1c\x00\xe7\xa2\x82\x7fK\xecf\
Kd\xc1\xbdx\xbf{\xd5\x00wX`r\x95\x00\xda\
\x0d\x98\xa441w\xc7\x8e-}\xbf\x0c\xa8\x00\xc0P\
1\x8b\xfb\x04\x82\x7f],7\xe8;\x01\x7f\xba\xd1\x0d\
\xfe\xea>\xbd\xf7\x1f:\x1c\xd0\xdff\xd4\xcb\xd6\xdd\xc0\
\xad\x82\xb8\xaa0\xa8\xebz'\xb8\xdb\xad\xce\xf6\xd4$\
C\xffh\x03\xf7\xc8\x02[Z\xfe&,u\x88\x807\
/ \xf0VF]\x09\xa0\xdd\x80\xaa\x18\xba\x02@\xef\
\x1f\xe5\xa4\xf5b\xfdC\xfc\xdc\x09\x7fn\x99\xdf\x9aj\
t\x82\xfftC\xa4\xd1\x10kZ%\x03\x0dw>@\
=P\xf6\x0f,\x05\xecmT\xfb\xd1\x7f1\xefh\x00\
\xe7*4\xa6\xef\x0e\x078\xbd}\xf5\xf3BS\xecy\
\xd5\xf3o\x8a\xcc7\x9dj\x80\xbd\xd0\xecT\x02\x9a-\
\xff0B\xfd\xe8\x80\xd1W\x01h7\xa0\x08\xfa\xc5\xde\
\x5c*\x00\xfd\xca\xff@\xf9D\x041\xaf\xf7\xee\x95\xfd\
\xbd\x9e\xbf\xea\xf5\xab\x04\xc0I\x06T\x22\xa0\x05\x7f}\
\xd2\x9f\xda\x90\xca\x05\xfc\x8d\x86\xe8\xc9\x80\x9b\x11\xd8~\
\x92\xe0\x06r\xb5\x0f\xed\xce\x1c\x02'\x09p\x17\x16r\
\xe6\x00\xf8Ow\xf7\xdd)\xfd\xab\xb5\x03\xba\xef\xc9;\
@`t\xf3\x01h7\xa0,T\xec\xee\x97\x04\x0cu\
2 z\xff(\xa3`F\xdb\x9d\xf4\xa7J\xff*\xb8\
;\x01\xde\x0b\xf8Z\xf0WI\x81\x15\x18\xfb\xef.\x02\
\xe4\x5c\xbcq\x04\x7f!\xa0\xb8\xf5\xfe;\x8fs\xfe\xe7\
>\xd7[_\xa0\xb3\xdd\xce\xebt\x92\x90\x88\xfdp\xf7\
\xd19\xc7\x80\xbe\xde@\xe4\xfb\xa3\xdd&\xddn\xc0(\
x=\x7f/\x0e\x0f\x22\xb1\x02@\xef\x1f\xd5\x13ZI\
G+\xff\xfb%}o\x9c_\xf5\xfe\xb5\xe0\xef\xdc\xa6\
-\xfc\xd3\x99\xed\x1f:\xde?)\xdf\xd6\xefS\x8f\xd7\
\x86\x05,'\x15\xaf\x89\xad\xd6\x08vN\x0a\xd0y\x8c\
7z\xe0\x5c{C\x05\xfe!\x84j\x0e\x81\xea\xf6\xab\
`\x16\x9e\x0f\x90w\x15\x80v\x03\xaaV\x05`\x12 \
\xcc\x14^\xe8\xc7;\xce_/\xfd\xbb=p?\xf8\xab\
\x9e\xbf\xb7\xdc\xaf\x17\xfc\xf5c\xfd\xb3\xc6[?\xba[\
\x81D\xa0\x13j\xbb\x8b\x09\xf9\x0fs\xcf#\xe0\xad%\
\xe0\xfd\xee\x9d[\xc0\xdf\xc8(\xbb\xb2\xb4\x1bP\x19\x89\
_YL\xfeC\xb5\xe8c\xd8n\x09\xb8\xaeJ\xff\xda\
l\xff\x99)\x91\x195\xee\xaf\xae\xa7\xbaG\x02h\xe3\
\xfe\x9d\xdez\xf2l\xff\xa7|\xe1\xbd\xb1{\xf1\xc3\xf3\
\xae\x88\xda5\xf7\xbasx\xa0\xad\x0e\xf9w\x17\x09r\
\x0e\x03t\x0f\x07\x94\xb9\x05\xb1\xe7\x17D\xe6\x9a\xce\xcf\
\x9d\x89\x81-\xb1\xd4\xe1\x83\xad\xe0\xa1\x81\xf9M\x08\xa4\
\xdd\x80*N\x06\x8c\xad\x00P\xfeGei\x87\xfc9\
\xd1\xdc\x1b{\xf7\x0e\xef\xf3\x8f\xf3w'\x03:=\x7f\
\xaf\xec\x1f\x1f\xfc\x93\x82\xbeN\x7f\x9c\x9f\x0c\xe8\xd5\x00\
\xa7\x12\xe0N\x12T\x95\x80\xba7\x04`w\xf6\xcfY\
9\xd0;j\xc0[MP\xed_\xdc\xa1\x819\xa1\xdd\
\x80J\x0d\x03\x0c4\x09\x90\xc9\x7f\xa8\x04\x15k\xfd\x13\
\xfb\xb8\xcb\xfc6B\x89@\xd4\x98\xff\x10\xc1?,\xf0\
<\xffH\x01w\x92\xa0v\x0e\x82\xce\x8a\x84\xdd5\x08\
\xfc}u\x16!\xaa9\xefcl\x0b\x01\xd2n@%\
&\x03\x0eu\x14\x00P&\x815\xf3\xd4\xd8\xbf\x7f\xe8\
_p\xf6\xbd?\xcb\xdf;\xd4\xcf;\x1c/\xe7\xe0\x9f\
*\x09\xf0\x8f&\xd0\x96\x1b\xaeG\x1d\x8d\xe0\xbe\x1fo\
?s,\x02\xd0n@5E&\x00\x94\xffQ=\xda\
J9Z)\xbbs\x9c\xbdV\x01\xf0\x96\xf6\xf5W\xf9\
\xd3\x82\xf0\x08\x82\x7f\xdf$\xc0_\x0b\xc0;\x1b\xa1v\
\x06Bo\x7f\xbd\xb3\x10z\x87\xb6i\x07'\x0c\x9f\x06\
\xd0n@\xd9\xc5\xc5\xf4\xc8\x04\xc0N\xb8xe\x86\xf9\
M\xef\xdc\x9a\xf48.\xb4Aq>\x03\x9dIl\xfe\
E\x95\xb0\xfd#\x00T\xf9\xbcsQ\xc1\xd4;\xf3\x9f\
\xb3.\x80\x7f6\xc0\xce\xe3\xfd\xe7\xba\xdb\xc9+\xf8{\
\xd4\xf6\x02\xfb\xe8\x5cw^\xdf[\xa5\xd0;b\xc1\xdf\
O\xef\xe2V*\x9c\xc7[}\xde?\xed6\xe2v\xe3\
B\x1b\x8c\xf73\xa0\xe2\xb1\xb8\xf19\xee1\xa9\x13\x00\
\xa0j\x02el\xefJ_\xa4G?\xa3\x9f\xbb&\x80\
\xdf\xf3\xd7\x9f\xe3\xfa\xc5\x9c\x83\x7f\xe4v\xfd\xd7\xd3+\
\x01\xb5\x98\xfd\xd5*\x00\xda\x93s\xea\xff\xd3n@\x05\
\xf5$\x00G\xb2\xf4/\xaaL_\xfaW[\x00\xc8;\
\x9b\x9f\x7fV?\xef0A\xef\xf12\xfa\xe0\x1f\xbb\xfd\
\xf0\xbeh\xfb\xe9\xaf\x22\x18^i0\xef\x09\x81\xb4\x1b\
PjQ\xb1=S\x05`Z+\xff\xe7\xb9c\xc0X\
\x04V\xe2\xd3W\x00t\x0f\x07\xf4z\xd8\xce\xba\xfeC\
.\xf2\x93\x97\xf0\xea\x81\xfey\x07\xbc$E\xab\x00\x84\
\x03\x7f^\xfbL\xbb\x01\x85\xe7\xc5e/N\xa7\xc1\x10\
\x00\xcc\x13\xee\xcd:\xbd\xea\xe0\x9a\xfd\x9dY\xff\xbd\xbd\
\xff\x89\xf1V\x05\x0c\x9fc\xc09\xfco\xc4\xbd\x7f\x7f\
\x1fh7\xa0JH\x00Pq\xa1\xaa\x97w\x02\x98\xf0\
y\x00\xf4Y\xfe\xde_E\xc4\xac\xffQ\x97\xff#_\
'ph`h\xff\x02\xfb\x1fz\x7f\x01Yg\x03\xd0\
n\x83\xb5\x1bP\xd2\x04\x80\xf1\x7f\x18\xc1\x0f\x92^\xd0\
\xd4\x16\xcd\xd5\x8f\xf7\x0f\x9d-n\xb2\xf4}u\xab\x14\
\xfe]\xe1\xfbF\xb7\x0b\xb4\x1bP^\xe1\x18\x9f\xba\x02\
\xc0\xf8?\xca\xaag&\xbb\xfe\xa3\x17HG]>\x1f\
a9\xbe\x9b\xb8\x84\xf3\x95\xe1\x8e\x04\xa0\xdd\x80j\xcf\
\x03`\x08\x00\xe6\xf2\x93\x00)\xb7q\xbf\x0f\xda\x0d\xa8\
\x04\x12\x00\x98\xcb\xae\xc80\xef\xb8\xdf\x07\xed\x06T\x82\
\x7f6\xc0#W\x9f\x91\xf2D\xe2e\xff\xb6\x84Y:\
\xe7\xd4\x0b~j\xd5G\xdd]\x1f\xcbn;\xeb\xbdY\
\xeaw\xef\x12X;k\x92\x9f\xf7\xf0kk\xfb\xa6\xed\
\xaf\xb3^\x9ds\xfe\xe0\xe8\xfd\x1f\xac0@\xbb\x95\xbd\
0\x04\xd3\xd9\x91\xb7\xaaX\xff\xf0\x8e\xdb\xad\xd4\x15\x80\
\xe9\x9b?\xe6\x1e\xff\xff\x0e\x8e\xffGE\xfe.\xbc\x00\
\xaa~\xd4\x16~\xf5\xe3f\xca|x\x9c\xfc}uw\
?\x90\x0ct\xdf\xc7\xc8\xf6\x9bv\x03\x0a\xcf\x8b\xd3^\
\xdcN\xc2\x10\x00*N\xef\xc7\xe9\x01^\x0b\xa8\xedP\
\xef_\xfd\xee=F\xbf\x16\x91\x1f\x9cw\xf9X\xf6:\
\xf0:\xe1\xfdp\xf6O\xdbg\x7f\xff\xc3\x8f\xd53\x81\
\xac\xfdY\xdam\xb0v\x03\xca\x83\x04\x00\xe6\xd1{\xcc\
\xde\xa5\xe5\x06R7\x98\xda~O\xbb e\x00w?\
l=\xe8\xb7\xdd\xfd\xd6\xdf\x87^%\x18\xc5>\xd0n\
@e\x90\x00\xc0\x1cz\x5c\x0c\x07R\xfdw\xaf\x0a\xe0\
\x8c\xabG<wb\xfb\xdc\x0e\xed_\xcc{\x88zn\
n\xfb@\xbb\x01\x95J\x00:\x13\x00\x81\xaa\xd2\xca\xb8\
z\xe9_\x0b\x9ev\xbb-\xd2j\xbb\xd7Z9=\x1c\
T\xc70\x0c\xd0\xb3\xfd@\xef^\x9c\xfd\x0b\xeco8\
\x01\xe89\xff\xe7\xa0el\xda\x0d\xa8\x22/\xe6\xf7\xad\
\x000\x01\x10\xe5\x17\x9e\x09\xef\x06I/p\xba\xc1\xb4\
s\xed\xfe\xdenw\xcb\xed\xda\xd3F\x9d\x04D\x8e\xfd\
;?\xbb\xc3\x12\xed\xd0~z\xfb\xed'\x01\xc1'\x0e\
\xbb\x14\x10\xed\x06Tw\x22 C\x000@\xc4\x846\
\xbf\x02\xe0\x06Q\xef\xd2n\xf5\x06U\xafw\xed>}\
TI@\xf4\xc4?m\x1f\x02\xc9J+\xb4\xdf\xed`\
\x05`\xa8\x09\x80Q\xcf\xa3\xdd\x80\xaa!\x01\x80!\xdc\
`\xa6\x1f&\xef\x05vg2][\xec\xa6[V\xd7\
\x02\xab\x1d\x98a?\xba$ 6\xf8\xbb\xaf\xeb\xec\x87\
\xb7O\xde\xb5\xbb\xbf\x81\xf7\x11^\x06`\xe8Y\xec\xb4\
\x1bPU$\x000F \x14z\xc1U\x0b\xac\xce\xc5\
\x09\xaa\xadN\x90\xf5\xaa\x00\xfaP\xc0\x08\x92\x80\xd8\xe0\
\xef\xefg\xb7\xf7\xdf\x09\xfe-w?\xf5\x0a@\xef\x11\
\x00y\x1d\xc0F\xbb\x01\xd5D\x02\x00\x03i\xc1U\x1f\
Ko\xb6\xc4n\xba\xc1\xd5\xbbn\x87\x92\x01\xefy\xda\
f\x86I\x02\x12\x83\xbf\x1e\xf4\xdb\xc1\xfd\xea\xec\xa76\
\x5c\xe1\x1d\x0e\x18\xde\xb1\x5c\xd1n@%\x97\x02\x06\xaa\
\xcf]\x14X_P\xc7r\x93\x80\x9a\x1b\x5c\xeb5\xb1\
\xeb5\xb1jV\xe7z\xa1s\x8a]\xdb9\xeb\x9e:\
,\xb0&R\xb3:\xc1V\x9d\x81\xcf\xeev\x91\xf5`\
\xfe\x8b_x_\xec^\xfc\xe4\x91\x07\xf7\xab\xeb\xe6%\
\xd7-\xe9\x1b\xfc\xbd\x0a\xc5\x82J\x04:A\xdf\x0f\xfe\
^\x02\xd0\x8a\x18\x02\xf0\xdfo9\xda\xadq\xf5\xeb\x9c\
6\xf9\x85#\x8e\xe9\xb6IHd\x92U\xe8v\x03\x8a\
\x8d\x04\x00F\xe9\x9e\x17\xc0\x8d@N0S\xc1\xc0\xea\
\x04(\x15\x1c\xd4\xb5{q\x02\x98\xaa\x93Y\x96\xd8R\
\x8b\x0ff\xde\xc6\xa57\xa8\xc5Q\xf77\xdf\xa6'\x01\
1A\xcc\x19\x92h\x89,4;\xfb\xe7]\xeb\x13\x00\
\xbd\xea\x84\xbb3V\x89\xda\xad\xf1\x89n;y\xc9Q\
X Y\xea\xbe\xcd\xc2\xb7\x1bPdV\xd2\x1a\x00\x1c\
\x02\x882\x99\xbe\xf9c\x87\xc5\xdd\xd7\xde{\xc0j?\
\xf6\xf3\x9a}`\xcej=\xb6\xab\xde\xde\xbd\xaff\xef\
\xdd\xdf\xb0\x0f\xceOI\xbb\xdd\x90\x9a5mMMM\
Y\x8bg\xa6\xad%33\xd6\xb2\xc5\x0dk\xc9\xe2\xe9\
\xda\x92E\xf5\xda\x92\x99\x86LO\xd7\xad\x99F]\x1a\
\x0d\xcbj\xd4k\xaa\xc7k\xd5T\x14S\xffw\xae:\
\xb1C\xfd\xdcum\xdf\x9d\xb6\xed7uNC\xe0\x9e\
\x8f\xa0m\xdb\x9d\x09~\xad\xb64\x9b\xb6=\xd7l\xc9\
\xfc|\xab\xbd\x7f\xae\xd9\xde\x7f\xb0e\xef?0o\xef\
=\xd0\xb4\xf7\xcf\xcd\xd9\x07\xe6\xe6\xed\x85\x85\x05i\xdb\
\xf3R\xab5\xadE\xd3\x0b\xd6\xb2%\xcd\xda!K\xdb\
\xf5U+Z\xd6\xe2\x19\xbb\xb6j\xb6][\xb6x\xe0\
1\x81\xb1\xb4\x9be\xf5o'\x917im\xe6^O\
\xa6\xdd\xe67\xbd\xe3\xf1A\xdb\x13\x18\xa7~1\x9c\x0a\
\x00\x0ca\x8b\xfabW?Y\xd3\x0d\xbb\xb6x\xa6\xdd\
n\xb5Z\xd2l\xd5\xa4)\x96\xddn7e\xa1Y\xb3\
k\xb5\xa6\xd4j\x9d@e\xd5\xac\xb6\xea\xb1\xaa\xffw\
O\x84SSW\x96m[v\xad\xe6\x94\xbeU\x7fW\
lK?h>*\x19\x88\xd8%\xa7\xfc\xdc9\xad\x8f\
\x0af\x9d^\xa9m7\xd5e\xa1-\xf3\xcd\xb6=\xb7\
\xd0\xb2\x0f\xce5\xdb\x07\xe7Zr`n\xc1>0\xd7\
\xb4\x0f.,\xd8s\x0bj\x7f[\xd2\xb6\x9bV\xad\xd6\
\x92F]\x05\xae\x96z_\xea\xfd\xa9\xf7\xday\xbfv\
\xf1\xdb\xad\x96\xb2\xad\xbc\x1d\xd2\x0eu,n\xbb\x01\xc5\
G\x02\x80\xcaH\xdb3SE\xe9\xce\x08\xb5\xfb\x1f\xa7\
'j\x89\xd4\xd5\xa5&2U\x17\x99jt\xae\xa7\x1b\
bOO\x89\xed\xdef5\xea\x22\x0dU\xca\xee\x5c\xd4\
\x98\xb7S\xd6\x16\xef\xba\xabS\xda\x0e\x1dK\x1f\xd2|\
\xdbu\x7f\xe9-\xed\xeb\x94\xae\xbd\x85~\xbc\x89~\xaa\
l\xbd\xd0\x12\x99_\x10\x99oJmA\xbbM\x1f\xc7\
v\x83\xa2\xf7j\xed\x11\x14\xb3G\xd5n\x8d?}\xfd\
\xfe\xde\xf3\x17\x04\xdb\xad\xf9\xb6\xeb\xfew\xe0nmI\
\xe4\xa2\xb7\x1bPT$\x000PwD\xbb\x1b\x93U\
\x10q\xaf\xd5\xd8\xb64\xfdG;\xa3\xde\xdaI\x82\xac\
\xb6\x0afj\x02\x9c\xedLx\x93v'\x10Z\xb6\x1b\
\x10\x03B\x81M_\xa4GmR\x05#\xff\x84DZ\
\x10\xf3\xc6\xae\xe7\xd5\xe45u\xed\x06/g\x1c\xdb[\
\x090\xef\xa5\x7f'\xd3n\x9d\xf9\x04\xdakX\x11\xed\
\xe6\x8f\xd5k\xeb\x22\x94\xa6\xdd\x80b\x22\x01\x80\xb1\xfc\
p\xe6\xf4>\xdd@\xa4\xa2Y\xcb{\x84\xff\x83\x13p\
,\xaf\xc7\xd9hw\x82\x99\x13\xc4\xbc^\xad%\xb6\x0a\
h55\xa4m\xf5\x06\xad\x00\xaf\xea\xaf^\xa2\x15\x5c\
\xe1\xaf3\x8e\xed\xcfV\xb7U\x00sz\xb4\xee\xc5_\
\xfc\xa7\xf7\xd8\x7f\xab\xac\xedf\xabq\x01gS\xf1+\
\x17\xab\xf7\xeb\x9d\x0dQ_\xf8\xa8D\xed\x06\x14\x0d\x09\
\x00\x0c\xd5\x09c\xb1\xc1\xcc\xd7\x0d6^\xf0Q\xbdZ\
\xe7$<\xf5\xbaX*\x98\xa9\x8b3\xaem9\xb3\xe2\
\xd5\x0c\xf8NB\xa0\x1e\xac\x9fP't^\x01\xf5\xbb\
\x0aN\xde\x89}\xb4E~\x02el?\xb0\xc5/\xfc\
\x13\x9e~P\xaavS\xef\xbd3!\xb0;\xf6\x1ej\
\xb7\xceZ\x08\xdeZ\x07\xc1\xf5\x1b\xca\xd1n@\xf1\x90\
\x00\xc0`\xee\x5c=g:yL0\xd3W\x0c\xf4\x02\
Z\xab-VK\x95\xb3\xdb\x9dRv\xbd\xde\xe9\xf9\xab\
\x9f\xdd\xe0\xdf\xd9N;z=}\xff\xb5Dl5F\
\xed\x1c\xb6\xe6\x8eM\xeb\x8b\xfcx=Xw\x91\x22\x7f\
\xd5\xc2\xc8 f\x95\xb6\xdd\xbc\xde\xbd\x1f\xf4\xfdI\x06\
\x1e\xbbS\xca\xd7N\x83\xec'\x04\xa5j7\xa0XH\
\x00\x00\xa7\xf6\x1c\x13\xcc\xd4\xb8~(\x90\xf9\xbd\xcef\
M,5\xb1\xad\xde\xee\xf4\xf8\xdd\x92\xb6sQ\xc1L\
=&\x8a\x17\xfc\xd5\xb6\xe6\xba\x09\x80\xbf\xb6\xbfw\xac\
\xba\xde{\x0d\x9f\xf1\xaf\x10A,\xa7vk\xb6:\x93\
\x02\x9dMF\xbf\x17'Q\x0a\x9c\x18\xa9]\xe2v\x03\
\x8a\x81\x04\x00pE\x96\xb5\x9d\xa0\xa1M\xd4S\xb7\xa9\
\xde\xab\x0a.j\xf5\xbb\xa6\x0ad\x9d\x95\xf0,\x95\x00\
x\xb3\xe2\xd5\x028Q\x09\x80~\x0c\xbb\xfa\x8fJ\x00\
\xf45\xfd\xa3.\xfa\x19\x09\x0b8v=l\xbb9\x87\
\xf09\x13\x02\x13\x0e\x9fT\xed\xe4-\xdd\xecL\x02l\
\x97\xbe\xdd\x80I\xe3\x5c\x00\x80\xa3S\xb6\xf7\x83\x83\x7f\
\x88X\xe8\x5c\x01\x0b\xea\xe2\xce.W\x17\x15\x98\xd4\xe5\
\xe0\x82\xd8\x07\xe7\xc5\x9e\x9b\x17\xfb\xc0\xbc\xf3\xf3\xc2y\
\x9fX*\xad\x96:N\xdd\xee\x5c\xb7l\x15\xec\x9c\xdf\
\xdd\xd3\xf9N\xfd\xc5[\xf7\xfa\xdbp\xb7\xa9\xb6\xaf^\
'\xb0\xd6\xbf\xbe?\x81\x1e\xacU\xeavs\xde\x7f\xf7\
\xf4\xc6n\xfb\xb8m\xe5\xb6\x9bjG\xa7m\x0f\xb8\xed\
{p\xdei\xefr\xb7\x1b0y\x8dt\x0b^\xb0(\
\x06\xcc\xd1-k\xbb\xffq\x0e\xef\xeb\x5c[\xb6\xf7\xbb\
ZrV\xcd\xf8\xd7\xca\xfe\xce\xa5\x16<F\xde;^\
]\x17<\xe6\xdd\xf6\x86\x01l[\x8d\x91\xdb\x9d\xd7\x08\
\xf7^\xf5\xf9q\xfe\x7f\xed\xf2\xb7\x9b3C\xb03\xfd\
\xafs(a\xc4\xba\x09*\xe0k\xc7\xec\x07\xca\xfa\x15\
h7`\xf4\xa2?\xf3\x0c\x01\x00\x89c\xdb\xde\x7f\xdc\
\xc0\xe1\x04\x17\xf7\xb8\x7f\xe7\xb0\xbfv\xa7\xdc\xef\x1d\xfe\
\x17\xb8x\xc7\xad\xf5\xa1z\xc6\xceq\xf2\xa1\x1e\xb4\x97\
;\xf4\x9c\xe27}\xefu\xfa\xe6\x8f\x9f7\xec?\xf0\
\xfc\xa6\xb7\x7faT\xed\xe6\xea\xbe\xc1\xa8\xe6r\xca\xff\
\xc1\xb6\xe9\xac+`\x8f\xac\xdd\x00\x134(\x00\x00\xd1\
\xbcp\xe1\x8fo{\xb3\xd3\x9d\x83\xd6\xdd\xde\xaa\xdb\xdb\
\xef\x04\x7f\xaf\xe7\x9f\xb4\xb4\xad\x1b\x10\xf5\xfb\x17\xbcR\
u`\x8e@D\xef5\xda\xf4-\xc3\x07\xf9A\x93\x88\
\xf93{\x93\x83,\xed\xd6{\x98dD\x0f}\xce]\
\x5cHk\xa3\xce\xa6\xec\xa1\xda\x0d0FL7\x84\x0a\
\x00\x10I?B\xdc\x9d\xb5\xdf\xed\xdav\xee\xf7\x82\x9b\
\xbb\x8a\x8d\xff\x14+\xf4s`\x93\xee\xf8\xb3\xb3Q\xf7\
q\xceXuhu\xbd\x9e\x00f\x8d-\xe0g\x11\xde\
\x17=!H\xd5nu\xb5,\xa0{\xbf\xb3\x18@\xc4\
\x17\x96\x1a\xd3\xf7n\x8b\x0a\xf4)\xdb\x0d@\x10\x09\x00\
\x90\xf9\xb8w\xff?\x1d\xaa\xb4\xed\xc6s\xf7\x86\xee\xcf\
*\xc0\xf9\x9bq\x0f\x8d\x0b'\x0a\xdeR\xbav\xf4\xab\
\x16)\xe0\x0f\x92\x10$\xb6\x9b:\x0a\xa0\x1b\xd8;\x0f\
\xec\x0c\x9dt\x1f\xe7\x1dM\xa1\xb7OD\xd0\xf7P\xee\
\x07\xd2!\x01\x002\xe8\xccww{\xb6\xc1\xff\x049\
I\x81\x88\xa5\x16\xbb\xe9>9\xb0%\xbf\x0c\xde3V\
\xad\x02\xe9\xd5\xb9\x04\xfd\xa8\x12}V\xc3$ \xfas\
\xe7\xcf\xbc\xe4\x0b\xe1vs\xdaG\x9f\xb0\xe7\xd1\x9b\xd4\
?\x9a2\xe6\xfe\x9e\x1e?\x93\xfc\x804\xd4\xa99\xfa\
\xe2\xcf\x09\x10\xbd\xeb\xde\xf3\x97\xd1\x9b\x07\xb8\xbf\xa8\x05\
o\x02\xfc\x05oz\x0eJ\x9f\x190\xe8\xcf\xe5\x10\xe4\
\x07\xdd\xfeL\x86\xe4@Oj\xe6\xdcd\xa0;\x04\xe0\
\xf4\xfa\xad\xa8o\x9c\xb8y\x94\xc1\xe3\x05\xf4\xdf(\xfb\
\x03ib8\x15\x00``\xe1\x91\xe6\x88?\xb3Zh\
\x08 \xbc\x05\xcb\xca\x1c\xf8G\x1d\xf0\x87\xd9\x97\xb4\x09\
\x81\xff\x9e\x9b\xadk\xba\x01\xdeM\x8a\x94\x88\xaaH\x10\
A\x1e\x18\x16\x09\x00\x90\x9b\xf01\xec\x96\xcc?\xe9\xdd\
+fn\xf8\xc8\xae\xe0\xc3\x9c\xb1\xef\x0b\xcb\x18\xf0s\
O\x08\x1a\xf5\x0b\xfdVk\xb5\xaf\xf1\x03\xbf\x9b,\xcd\
\x9ds\xe9\x8anY\x9f\xa0\x0f\xe4\x89\x04\x00\x18\x09-\
X\xa9\xc5\x81\xfc\x9f\xad\x0b\xab\x16\xf4\xd3\xbe\x8f\xbe\xc9\
\x80\x97\x14\xb5\xedkz\xef$\xf8\x03y#\x01\x00\x86\
4s\xcb\xc7\x0fk\xef\xdd\x1f\x1f\xa1,\xf9\xa9X\xe9\
\x02\xbf\x88|\xdb\xdbf\x85\xffa\xceM\xbc\xd7K\x92\
l\xfb\x9a\xa9\xef_\xb1*\xea!\x0bO\x7f\xefc\xa3\
\xd95\xc0\x1c$\x00@\x0ej\xcb\x96$\xcd\x95\xed\x17\
\xfcU\x8f\xf7D\x83\xfe!\x9c$GD~\x96\xd86\
\x96ua\x9fv\x050\x04\x12\x00`Hsg\xbe\xfd\
\xf1\xa8\xdbSL\x88\xbb\xa6\xdf6\xaal\xe6\x96\x8f\xef\
\xd2\xda\xe0\xc2\xa4jAU\x86D\x80\x22!\x01\x00r\
\x96%\xf0\xa3\xa7M.LjS\x12\x01 ?\x9c\x0e\
\x18\x18_\xf0WA\x8e\xe0\x9f,\xb1\x8d\xb2\xac;\x00\
 \x19\x15\x00`<\x81\x1f9U\x04\xa8\x06\x00\xf9\xa0\
\x02\x00\x8c0\xf8S\xb2.\xc6*\x84\x00z\x91\x00\x00\
C\x88\x0bB*py\xc1k\xee\xcc\xb7\xafH\xb1\x9d\
\xe0bA\x15\x97\xe6\xfdz\xed\xa6\xb7e\xc4vH\x02\
\x80\x01\x91\x00\x00\x03P\x81')\xf8\xd3\xa8\xf9KJ\
\x02H\x04\x80\xecH\x00\x80\x11\xf4\xfa1\x1aT\x03\x80\
\xfc\x90\x00\x00\x19\xd0\xeb/\x06\x86\x04\x80\xe1\x91\x00\x00\
)\x11\xfc\x8b\x85$\x00\x18N#\xfeL\xc1:V\xe3\
\x84\xd9\xa2N\xd9\xeb\x9f\xd3>7\xfc\x9dem\x0f\xef\
\xdf \xfc\xef\xa3\x92\xb5\xfc\xff}\x80j\xfd-Q\x01\
\x00\x12\xa8\xc02\x9e\xe0\x8faD\xfd{\xc4\xfd\xdb\x01\
\xe8 \x01\x00b\xc4\x05\x0f\x82\x7f1\xc5\xfd\xbb\x90\x04\
\x00\xd1H\x00\x80\x08\x04\xffr\x22\x09\x00\xd2#\x01\x00\
\xc6\x10\xfc\xe7\xce\xbc\xa4\xefb@\xc8\xa7\xbdH\x02\x80\
tH\x00\x80\x14\xc6Q\xf6\x9f\xb9\xe5j#V\x03\x1c\
\xc7\xfbd\x98\x06\xe8\x8f\x04\x00\xd00\xe1\xaf\xfa\x13\x03\
'\xb37@\xf1\x90\x00\x00.\x82\x7f\xf5\x90\x04\x00\xf1\
H\x00\x00\x82\x7f\xa5\x91\x04\x00\xd1\x1a1\xb7\x03\xb9\x99\
\xb9\xe5\xea\xc3\x0a\xde\x9c\xe7F\xdc\xf6\xed\x11\xec\xf7\xcf\
*\xd0Ven\x87s#*>\xdf\x96\x02\x9a;\xf3\
\x92\xc7'\xbd\x0f\xa8>*\x000]d\xf0\x9f\xc0~\
`\xf4\xbe\x9d\xf2\xdf\x1f0\x02\x15\x00\x18\xdd\x9b\x09\x8f\
\xfb\x8fr\xf6x\x9a\xd9\xefEn\xab\xaa\xb4C\xc4\xbf\
y\xe5\xdb\x1c\x88B\x05\x00\xc6bF8\xf8\x1c\xc0d\
$\x000\x123\xfe\xcd\xc5\xa4@\xa0\x83\x04\x00\xc6\x99\
T\xf0O\xb3\xba]\xd5\x17\x03JY\xfe\x1f\xf9\xaa\x89\
$\x01\x00\x09\x00\xc0\xaaq\x86b\xb5@\x98\x8e\x0a\x00\
\x8c\xc2\xb8?\xf8|\x00\x1d$\x000\x06\xe3\xfe\x08c\
(\x00&#\x01\x80\xb1(\x01\x83\xcf\x01LF\x02\x00\
#P\xfa\x07\x9f\x17 \x88\x04\x00F\xa2\xf7\x0f>\x0f\
0\x1d\x09\x00*o\x9c\xab\xfd\xa1\xbc\xc2\x9f\x0b\xaaF\
\xa8\xba\x86\x88\x9d\xe2ai\x1e\x03\x14\xcf\xcc-\x9f8\
\xaf|\x9f\xe7\xa2\xef\x9f9\xef_%\x01sg\xbe\x8d\
\x84\x11\x95\xfc\x9b\xa2\x02\x00\xa3L\xfa\xcb|\xee\xcc\xb7\
\xa5X\x0c\xe8\x13\x95\x5c\x0c(\xcd\xfbJ\xd3>U\xfe\
|\x00\xe3\xd4\xa0\xff\x8f\xaaZ\x14\xd1\xfb/N\xdf2\
YY\xf6\xd3\x84\xf7\xad\xaaH\x07I\x0cP\xc1\xbf+\
*\x000\x06_\xe2\xe0s\x02t\x91\x00\xc0\x98\xde?\
\xc0\xe7\x09\xe8\x22\x01\x80\x11\xe8\xfd\x83\xcf\x0b\x10D\x02\
\x00\x00\x80\x81H\x00P\xf9\xf2?\xbd\x7f\x0c\x22\xfc\xb9\
aX\x09UC\x02\x00\x00\x80\x81H\x00P)\xf4\xd2\
\xc0\xe7\x0bH\x87\x04\x00\x95V\xc4\xf2\xff\xc1\x14\x8b\xdd\
,\xaa\xd8b@i\xdeO\x9av\x19\xb7\x22~~\x80\
\xbc\x90\x00\x00\x00` \x12\x00T\x06\x93\xff0\x0aL\
\x06DU\x91\x00\x00\x00` \x12\x00\x00\x00\x0cTs\
\xce\x12\x10w\xf1$=\x86\x0bmP\x80\xcf@O\xf9\
\x7f\xe3\xdb\xbe0\xe9}J\xf5\xb7\x95d\xd2\xfb\xc8\xfb\
\xf5\xdb\xc0\xf9<i\x9c\xcf\xdb\xa4\xdb\x94\x0bm`\xa7\
\xfc\x9e\x89\xb9\x9f\x0a\x00\x00\x00\x06\x22\x01\x00\x00\xc0@\
$\x00\x00\x00\x18\x88\x04\x00\xa5\xb7hs\xc4\xf8?\x90\
\xb3\x9ey\x00\xa1\xcf\x1dP6$\x00\xc0\x04\x1c\xdc\x98\
b5\xc0\xcd\xd5X\x0d0\xcd\xfbH\xd3\x1e\x00\xf2E\
\x02\x00\x00\x80\x81\x1a\xe9\x8eIJ{\xdc\x12P\x04U\
\xfa\xbcV\xe9\xbdT\xf1}\x96u\xbfa\x96\xe8\xcf)\
\x15\x00\x94\xda\xa2\xcd\x9f\x0c\x8d\xff_\xcc\xf8?F&\
\xfc\xf9\x0a\x7f\xfe\x802!\x01\x00\x80\x01\x91p\xa2\xcc\
\x1a\x93\xde\x01`\x18|\x01c\xdc\xf8\xcc\xa1*\xa8\x00\
\x00\x00` \x12\x00\x00\x00\x0cD\x02\x00\x00\x80\x81H\
\x00\x80\x099\xb8\xf1\xe2\x14\x8b\x01}\xb2\xd4\x8b\x01\xa5\
\xd9\xff4\xed\x00 \x7f$\x00\x00\x00\x18\x88\x04\x00\x00\
\x00\x03\x91\x00\x00\x00` \x12\x00\x00\x00\x0c\xc4B@\
\xc0\x04U}\x02\x5c\xd5\xdf\x1fPfT\x00\x00\x000\
\x10\x09\x00\x00\x00\x06\x22\x01\x00\x00\xc0@$\x00\x00\x00\
\x18\x88\x04\x00\x00\x00\x03\x91\x00\x00\x00`\xa0\x86\x9d\xe2\
Ai\x1e\x03\x00\x00\x8a'.\x86S\x01\x00\x00\xc0@\
$\x00\x00\x00\x18\xa8\x91\xae\xc0\xcf \x00\x00\x00\xe5\x14\
\x1d\xc3\xa9\x00\x00\x00` \x12\x00\x00\x00\x0cD\x02\x00\
\x00\x80\x81H\x00\x00\x000\x10\x09\x00\x00\x00\x06\x22\x01\
\x00\x00\xc0@$\x00\x00\x00\x18\x88\x04\x00\x00\x00\x03\x91\
\x00\x00\x00` \x12\x00\x00\x00\x0cD\x02\x00\x00\x80\x81\
H\x00\x00\x000\x10\x09\x00\x00\x00\x06\x22\x01\x00\x00\xc0\
@$\x00\x00\x00\x18\x88\x04\x00\x00\x00\x03\x91\x00\x00\x00\
` \x12\x00\x00\x00\x0cD\x02\x00\x00\x80\x81H\x00\x00\
\x000\x10\x09\x00\x00\x00\x06\x22\x01\x00\x00\xc0@\x0d\x11\
;\xc5\xc3\xd2<\x06\x00\x00\x14Ot\x0c\xa7\x02\x00\x00\
\x80\x81H\x00\x00\x000\x10\x09\x00\x00\x00\x06\x22\x01\x00\
\x00\xc0@\x0d\xe6\x00\x02\x00Pa1\xf3\xf8\xa9\x00\x00\
\x00` \x12\x00\x00\x00\x0cD\x02\x00\x00\x80\x81H\x00\
\x00\x000\x10\x09\x00\x00\x00\x06\x22\x01\x00\x00\xc0@$\
\x00\x00\x00\x18\xa8\xc1\xa9\x80\x00\x00\xa8\xae\xb88O\x05\
\x00\x00\x00\x03\x91\x00\x00\x00` \x12\x00\x00\x00\x0cD\
\x02\x00\x00\x80\x81H\x00\x00\x000\x10\x09\x00\x00\x00\x06\
\x22\x01\x00\x00\xc0@$\x00\x00\x00\x18\xa8\x11\xbfD\x80\
.\xcdc\x00\x00@\xf1D\xc7p*\x00\x00\x00\x18\x88\
\x04\x00\x00\x00\x03\x91\x00\x00\x00` \x12\x00\x00\x00\x0c\
D\x02\x00\x00\x80\x81H\x00\x00\x000\x10\x09\x00\x00\x00\
\x06\x22\x01\x00\x00\xc0@$\x00\x00\x00\x18\x88\x04\x00\x00\
\x00\x03\x91\x00\x00\x00` \x12\x00\x00\x00\x0cD\x02\x00\
\x00\x80\x81H\x00\x00\x000\x10\x09\x00\x00\x00\x06\x22\x01\
\x00\x00\xc0@\x8dI\xef\x00PNv\x86\xc7Z#\xdc\
\x0f\x00\x18\x0c\x09\x00\x90k\xb0O\xfb|\x92\x02\x00\x93\
E\x02\x00\x8c,\xf0\xa7\xdd6\xc9\x00\x80\xf1#\x01\x00\
\xc6\x16\xf4\xfb\xbd&\x89\x00\x80\xf1!\x01\x00\x06\x08\xfe\
Y\xd3\x84t\xa1\x9d\xaa\x00\x80\xf1i\xa4\xfb*\x9bD\
\xaf\x08\x98D\x0f\xdc\x9e\xf0,\x00o\x1f\xa8\x0a\x00\xc8\
K\xf47\x18\x15\x00\x18.9\xf8\x8f\x7f\x16@\xf8\x15\
I\x04\x00\x8c\x06\xeb\x00\xc0`v\xe4\xcf^\xff{\x9c\
u\xaf\xf8\xd7\xf3R\x03\xaap\x00\xf2E\x02\x00C\x8d\
\xa6\xd4\x9f\x7f\x22\x10\xaePLz\x0f\x01T\x05\x09\x00\
\x0cT\xcc\xe0\x9f.\x11\x08\xff\x0c\x00\x83!\x01\x80a\
\x8a\x1f\xfcu\xf1\xc3\x02T\x03\x00\x0c\x87\x04\x00\x06\x89\
\x9eP\x97k\xf0\xb7B\x97\x1cP\x0d\x000\x0a\x1c\x05\
\x00\xc3\x04g\xfb\x0f\x1c\xfc\xad!\x1e7\xe0\x8b\xda\xb1\
/\x1b\x7f\x0f\x00\xc4!\x01\x80!\xbc\xa8;d\xf0\xcf\
#\xce\xea\xdb\xb0\xf3\xa8axI\x0dI\x00\x80\xf4\x1a\
,\x03\x84\xea\xcba\xdc?6\xb6\x0e\x12t\xed\xa1\x93\
\x81`\xb8\x0f'7$\x02\x00\xfa\x7f\xb5P\x01\x80\x91\
\x86\x0b\xfe\x09\x01\xd6J\xf3\x821Q?~!\xc2\xc4\
M\xf6\xbe$\xd5\x00\x00\xfd\x91\x00\xc08v\x9e\x81\x7f\
\xd0\xb9\x00v\xccB?\x03\xac\xfb\x13\x1d\xeeI\x02\x00\
$\xe3(\x00T\x5c^s\xfcC!v\xd8Y\xfe=\
G\x0a\x846\x98q\xfb\xe5:\xb8\x11@\x11\x90\x00\xc0\
(\x83\xf5\xfec\x02s\xcd\x92\xd3\xff\xf4b9\xe6M\
/\xea=\xfc/\xee\x12\xf7Z9$\x02$\x01\x00\xb2\
`\x08\x00\xc8\x12\xfc\xfd\x9f-9\xedco\x95#\x7f\
\xfb\xb9r\xa4\x88,9\xf9\x18\xb9\xeb=\xffS\xecf\
+\xb9=\xadP\xa8\x8e:#\x90\x1d34\x90\x22{\
a8\x00@ZT\x00Pa\xc3\x96\xc0c\x82\xbf\x88\
\x9cr\xd5\x9be\xf5+\x9f\xe7\xff\xbe\xe6\xd5\xcf\x97\x8d\
_|\xbf4V,MQ\x05\xd0~\x89\xea\xe1\xf7T\
\x04\xa2\xf7!{%\x80!\x01\x00]$\x000F\xaa\
\xf0g\xf5\xbf\xed\xe4+.\x90\xa3^sn\xcf\xc3V\
\xfe\xd2&9\xfb\x1bW\xc9\xe2\x13V\xf7\x7f\x8dp2\
\x10\x97\x08\x04\x9e\x90~H >\xdc\x93\x04\x00\xe8h\
\xa4\xfa>\xe0;\x03&\x08\x94\xd9\xb5\x80\xab}\xfeO\
\xfc\xc0k\xe5\xe87\xfcF\xec&\xd4P\xc0\xd9\xdf\xfc\
\x88\xdc\xf6\xfa\x0f\xcb\xae\x1fl\x89y\x94\x1d}h\xa0\
\x1dw\x9f>,\x103|\x90\xf0J\xac\x0a\x00\x18\xce\
\x8e\xbe\x99\x0a\x00\x10'\x149\xd7\xbe\xe7|9\xf6\xc2\
\x97\xf4m\xaf\xa9\x95\xcbe\xd3\x97\xffP\x8e|\xf9s\
b&\x01z\xbd~\xb7\xe7\x1f\xb89\xa6\x22\x10\xa8\x18\
\x84o\xcb\xfa\xb7\xcfp\x00\x00\x12\x00 BoT=\
\xfe\xd2W\xc8q\x17\xbf<ukYS\x0d9\xfd\x93\
\x17\xc9\xdaw\x9f\xe7\x06um\xd3\xda\xc5\x8eK\x04\xf4\
\xa1\x81\x9e]\x8b8R S\x12@M\x00\x00\x09\x00\
\xd07&\x1ew\xd1o\xc9\x09\xef|\xe5@-u\xdc\
E/\x93u\xd7^*\xd6\xe2\x19\xb1\x9d@\xaf]\xb4\
\x0e\x7f\xb7\x22\x10\x1e\xeb\x8f\xa9\x06\x84w:S\x12\xd0\
{^\x04\x00\xe6a\x08\x00\x88\xe2\x06\xd4c\xde\xfc\x9b\
\xb2\xf6\x0f^3T\x1b\x1d\xfe\x82\xa7\xc9\xd9_\xbdB\
f\x8e\x98\x0d\x04\xf3`B\xa0\x05q\xbd\x22\x10W\x0d\
\x18:\x09\x88\xbf\x05\x80\x19\x1a\xe9\xbe\x00\xf8\x92@Y\
e\xfd\xecv'\xda-^\xbbFN|\xefp\xc1\xdf\
\xb3|\xd3\xc9r\xce7\xfeDn}\xdd\x87d\xef\x96\
{\xb5xnw\xfe\xaf\xff\xae\xfek\xbb\xc5\x00\xe7\x07\
\xed\xadX\x9d\xc7\xfb\xbb\xda}J\xe7\x87\x94\xeb\x05t\
e~\x02\x80\xd2\x89\xfe\x1b\xa7\x02\x00\xc4t\xa1\x0f\xdc\
\xb3]n~\xd9\xfbda\xe7\xee\x5c\xdah\xe6\xa8U\
r\xd6\xdf|H\x0e\xfd\xd5';\x01\xdf\x9f\xf4gY\
b\xb9\xbd~\xaf*\xe0O\x1b\x08\x0f\x0b\xc4\xce\x19\xd0\
~\xb0\xb2|\x150\x1c\x00\x98\x8a\x04\x00H\xb0\xeb\xbf\
n\x93\x1b\xce}\xa7\xec\xdbz\x7f.\xedT_\xbaH\
6~\xf629\xf6\x8d/r&\x00:\xf3\xf1\xb5\xf1\
~\x15\xdb;G\xfcu\x03\xbd\xff{\xe7!\xae\x88\x09\
\x82C%\x01L\x0c\x04LC\x02\x00$\xb1D\x0e\xde\
\xff\xb0\xdc\xf8\x82w\xc9\xce\x7f\xf9IN\x7fu\x96\x9c\
\xf4\xde\xd7\xcai\x1f~\xb3\xd4\xa6\x1aN\xef\xdfI\x06\
\xdc\x8a@\xb7\x1a\xe0\xfd\xee\xedKB\x12\x10\xb5z`\
\xa6$\x00\x80iH\x00\x80\x14Z\xfb\x0e\xc8\xe6\xd7\x5c\
.\x0f^\xfbw\xb9\xb5\xd7\x9aW\xfd\xaal\xbc\xfe}\
\xce\xf2\xc1\x9d\x0e\x7fo\x22\xd0\xad\x06\x04\x87\x0cz\x8e\
\x12\x88\x93\xbac\xcfP\x00`\x1a\x12\x00 \xad\xb6-\
?\xfd\xc3\xebd\xeb;>\xdd\xff\xa4?)\xad|\xc6\
F9\xfbo\xaf\x94\xc5'\xac\xf1{\xfb^\xe0w&\
\x06\xeas\x03\x02=\xfe\xf0\xbc\x00\xef\xf6lG\x070\
\x14\x00\x98\x8b\x04\x00\xc8h\xfb\x97\xfeYn\xfe\x9d\xf7\
\xcb\xc2\x13{ri\xbb%'\x1d-g\x7f\xedJY\
\xf1\x8b\xeb\x82\x93\x02\xbdj\x8077\xc0\xaf\x00\xb8O\
\xd4\x17\x18\x8aM\x02\xfa\x97\x00\xa2'\x05\x02\xa8:\x12\
\x00 #\xcb\x9b\x1c\xf8\x82Ke\xff]\x0f\xe4\xd2~\
\xce\xf2\xc1\x7f\xf9~9\xf2e\xbf\x1c\x18\xfbw\xaa\x01\
qC\x02\xe1\x9f\x93z\xfd\xcc\xf1\x03\x10B\x02\x80\x8a\
\x1b]\xe4S\x93\x03ox\xd1e\xb2\xf3;7\xe4\xb2\
=g\xf9\xe0\x8f\xbeUN|\xd7yb\xd7T\xe0\xef\
V\x03\xbcs\x01E&\x01\xee}\x81k\xc96)\x90\
\x05\x82\x00\xf3\x90\x00\xa0\xc2\xb2\x96\xb3\xb3\x97\xbf[{\
\xf7;\x8b\xfb<\xf8\xf9oH^\x8e\xfb\xef/\x91\xf5\
\xd7\xbcCj\x8b\xa7#z\xffZ\x12\xe0/\x13\x1c3\
\x1f`\xe0D\x88\xc3\x02\x01\x13\x90\x00\x00C\xb2\xdbm\
\xb9\xfb\x83\xd7\xc9\x9d\x97}&\xb7\xc9\x81\x87\x9f\xfbT\
9\xfb\xcb\x97\xcb\xcc\x91\x87\xc6'\x01\xfa\xd9\x01\xfbN\
\x0a\x8c\xf9]\x7f\x1f)n\x01P\x1d$\x00\xa80+\
}\x1f8.\xd6e\x88\x81\xdb\xbf\xf4Or\xcb\xf9\x7f\
$\xcd\x9f\xef\x95<,\xdfx\x92\x9c\xf3\xb5+e\xf9\
\xfa\xb51I@w\x11\xa1\xc0bA\x03\x9c#\xa0\x17\
U\x00\xa0\xeaH\x00\x804\x11\xbfO\x22\xe0\xc5\xd8\x9f\
\xab\xc9\x81/\xbeL\xf6\xff\xf4\xa1\x5c\xdauf\xf5a\
r\xd6\x97\xaf\x90U\xcf{ro\x12\xe0\x1e\x1d\x10X\
,H\xdf\x99\x9e\xc0?\xc8\x5c\x00\x00UE\x02\x00\x03\
d\xe9\x02{\xa7\xea\x1b<,\x1e\xb8o\x87\xdc\xf8\xd2\
\xf7\xc8\xce\xef\xde,y\xa8/\x99\x91\x0d\xd7\xbeK\x8e\
\xbd\xe0E\xc1$\xc0-\xf7G\xce\x07\xf0n\x8b\xf8\x11\
\x00\x14\x12\x00T\xdcx\xfb\xb4^0n\xee\xd9/\xb7\
\xbe\xe1Jy\xe8\xfa\x7f\xc8o\xf9\xe0\xf7\xbcFN\xbb\
\xf2\xcd\x22\x8d\xba{\xa3\x15\x1c\x0a\xd0^\x7f\x98*@\
\x17\xf5\x00\xa0\xcaH\x00\x80,A/ML\xb4\xb4\xc9\
\x81\x7ft\x9d\xdc\xf9\xbe?\x17\xbb\x95\xcf\xe4\xc05\xaf\
x\x9el\xba\xfe\xbd\xd2X\xb1\xac{\xe2 5\x14\xe0\
\x5cyC\x02\x11;\x13\xb5\x831\x08\xfb\x80\x19H\x00\
Pq\x19&\x02\xa6\x92=<n\xff\xab\x7f\x96[^\
\xf7!i\xee\xcagr\xe0\xec\xd37:+\x07.^\
\xbb&\xb0PP\xcf\x9e\x85\xab\x00\x0c\x03\x00\xd0\x90\x00\
\xc0\x10)\xa2\xdf ]\xdf\xb8 \xeb\x1f\x96gu'\
\x07\xbe\xfc}\xb2\xff\x9em\x92\x87%'\x1e\xe5\x9cC\
\xc0Y>8j\x87\x02s\x01b\x90\x10\x00F#\x01\
\x00rH\x0c\x12\x1f\xe2\x96\xe5\xf7\xdf\xbfCn\xf8\x9d\
\xf7\xc9\x13\xdf\xdf\x9c\xdf\xf2\xc1_\xf8\x80\xacy\xf9s\
\xfd\xb9\x00=\xcb\xff\xebk\x05\xf4\xecT\x1a\x0c\x08\x00\
UE\x02\x00d\x89}1\x93\xec\x93Y\xfe\x7f[\xbb\
\xf7\xcb\xe67^%\xdb\xbe\xf8\x7fs[>\xf8\xb4\x8f\
\xbdU\xd6^v\xbe\x88U\xeb\x1f\xae\xe9\xf5\x03p\x91\
\x00\x00\x83\xb2\x07\x08\xaej\xe2^\xab-w]\xf1\x17\
r\xd7\xe5\x7f\x91\xdb\xe4\xc0\xe3.|\xa9\xac\xfb\xcc;\
\xa5\xbex&z\x18\xa0g\xdf\x92S\x05\xfa\xfd@\xf5\
\x91\x00\x00YY\xc3DJ\xef\x10=K\xb6}\xe9\x9f\
\x9cj@s\xf7\xbe\x5c\xfe\x0d\x0e\xffoO\x93\xb3\xbe\
z\x85L\x1f\xb12\xdd~\x000\x1a\x09\x00\x8c\xd3?\
\xf4EE\xf5~\x91~\x80>\xb3%\xf2\x84\x9a\x1c\xf8\
\xca\x0f\xc8\x81{wH\x1e\x96\x9fy\xb2\x9c\xf3\xad\x8f\
\xc8\xb2\x0dks\xd9\x1e\x80\xea\xaau\xbe\xb8\xe2.\x9e\
\xa4\xc7p\xa1\x0d\xaa\xf6\x19\x88\xf8\xcc;YC\xc6\xe7\
\xa4\xba_\xad\x1c\xb8]nx\xd5\xfb\x9dd \x0f3\
k\x0e\x93\xb3\xbev\xa5\x1c\xf6kO\xee\xf3\xfa*\x09\
\x99t[s\xa1\x0d\xf8\x0c\xc8H\xbf\xcb\xe2\xbf\x9b\xa8\
\x00\x00\x05\xa8\x96\xaba\x80\xcdo\xbaJ\xb6\xfd\xd5?\
\xe5\xb2\xbd\xfa\x92E\xb2\xe1\xf3\xef\x91c\xde\xfc\xe2\x5c\
\xb6\x07\xa0zH\x00\x80\x82P\x13\x02\xf7n\xbd_\xa4\
m\xe7\xb4\xbd\xb6\xb4\xf6\xec\xcfe[\x00\xaa\xa7\x91\xe6\
\xab&\x9f\xaf#\xa0X\xf2\xfe\x5c\xeb\x85\xf6\xac\xacZ\
MN~\xf7\xf9r\xf4y\xcf\xcfe_\xd4\xaa\x83\xb7\
]p\x95<\xf1\x1f7\x0f\x5c\xf4\xe0\xef\x1e\xa8\x86\xb8\
\xbf\xe5\xc6\x98\xf7\x03(\x04;\xeb\x83\x87\x1e\x06\x88\xdf\
Hc\xd9\x12Y\x7f\xf5E\xb2\xf2i\x1b%\x0f\x07\xee\
\xdd.\x9b_s\xb9\xec\xbf;\xc5)\x89\x89\xf2\x80\xb1\
H\x00\x80\xb1%\x01\xa1m\xd9jI\xdf\xd5\xb2\xe1\xd3\
\xef\x94%'\xac\xc9e\xd3?\xff\xc1mr\xdb\xef}\
X\x16v\xeeN\xb9#\x00LE\x02\x00L\x84-\x87\
>c\x93\xac\xfb\xf8E\xd2X\xbe$\x97-\xee\xf8\xca\
w\xe4\xceK\xffL\xda\xf3\xcd\xc8\xd7\x03\x00\x1d\x09\x00\
0h\x0f\xbe\xe7\xd4\xbb)*\x05\xee\xfd\xc7\x9c\x7f\xae\
\x9c\xf4\xeeW\x8bU\xcfa\x1e\xaem\xcb=\x1f\xfd\xa2\
\xdc\xf7\xa9\xaf\xc4O \xcc\x10\xffY\x22\x080\x03\x09\
\x000\x92H\xa8e\x02\xda\x8fV\xa3&\xa7~\xe0\xf7\
:'\xf0\xc9A\xfb\xe0\xbc\xdc~\xc9'\xe5\xd1o}\
\xbf\xbb^\x81\x9d0\x1d\x91B\x00\x00\x17\x09\x00\x90i\
\xe9_o)\xdf\x08z\xef?P\x09\xb0\x9d\xe7\xa9\xb3\
\xf7\xad\xff\xd4%2\xfb\xe4\xf0)|\x073\xff\xe8\xcf\
e\xf3\x1b>${n\xba;z\xed\x8f\x5cP\x0f\x00\
\xaa\x8a\x04\x00\x86\xb0\xf3\x0fxi&\x06\xba\x8fYz\
\xca1\xb2\xf1\xdaw\xcb\xa2c\x8e\x90<\xec\xbd\xe3>\
\xd9\xfc\xba\x0f\xc9\xdc\xb6G#V\xfc\x8a\xd8\x89\x9e\xe3\
\xfaTR\x92\xcb\xae\x00()\x12\x00\xc0\x13\x1b\xcc\x13\
\xa2|TE@\x9b\xe5\xaf\xae\x0f{\xce/\xc8\xba\xab\
/\x92\xfa\xd2\xc5\xb9\xb4\xf5\xe3\xff\xfa\x13\xd9\xf2\xfb\x1f\
\x97\xd6\xbe\x03\xdd\xd7\xf3\xcb\xfe\xfaN\x00@<\x12\x00\
\x18g\xa8\xd0\xe8\x07{+U5\xe0\xd8\x0b^('\
^z\xbeX\xb5|J\xe9\x0f^\xf7M\xf9\xe9\x15\xd7\
9\xab\xfcu\xde\x88\xf6n\xa2N=\x00\x001H\x00\
\x80\x11\xa8MO\xc9\xa9W\xbeYV\xbf\xe4\xd9\xb9-\
\x13|\xd7\x07?'\xdb\xfe\xf2\x1f\xb5\xc0nw{\xff\
\x81d@O\x0ab\x86\x04H\x0e\x00\xe3\x91\x00\xc0\x00\
\x03D\xbb!:\xec\xd3\xabfe\xc3\xb5\xef\x92C\xce\
9U\xf2\xd0\xdc\xb3_\xb6\xbc\xf5c\xb2\xf3\xbb7u\
\x03\xbd\xdf\xd3\xd7\x82~R\xef?e\x130\xe5\x0f0\
\x07\x09\x00\x90\xa3e\xeb\xd6\xca\xc6\xcf]&3kV\
\xe5\xb2\xbd\x83\x0f<\xe2\xcc\xf4\xdfw\xe7\x03\xc1\xe0\xef\
E\xf4\x9e\xd9\xffZ\xef>\xaa\xf7\xcf\x22\xff\x00\x5c$\
\x000\x8a\x9d\xd8\xf5\x1d\xb0\xff\xeb\x8e\xff\x1f~\xeeS\
\xe5\xf4\xab/\x96\xfa\x92\x19\xc9\xc3\xae\x1b\xb6\xca\xado\
\xbcJ\x16\x1e\xdf\xd5\x1b\xfc\xa3J\xffqo\x8e\xd9\xff\
\x00\x22\x90\x00\x00I\xbc\x9c\xc0J\x8e\xfe\xc7_\xfcr\
Y\xfb\xf6W\x88X\xf9\x14\xd1\x1f\xfe\xfa\x7f\xc8\xd6K\
\xaf\x91\xf6\xfc||\xf0\x97\x88\xe1\x80\xa4\xde?\x00h\
H\x00\x80!\xd4\x16M\xcb\xe9\x1f\xbfH\x8ex\xe13\
sk\xc7{?\xf9e\xb9\xf7\x13_\xee\x0d\xf2\xe1\xe0\
\xefW\x00\x12\x82\xff\xd0\xbd\xff<\xcf\x82\x04\xa0HH\
\x00Pq\xa3\xeb\x09\xcf\xac>L6|\xfe\x7f\xc8\xf2\
3O\xcee{\xed\xb9\x05\xb9\xe3\xd2O\xcb#\x7f\xff\
\xbd\x88\xd2~B\xf0\x0f\xf4\xf6\xe3\x82\xbf\x86y\x00\x00\
H\x00\x80\xc1,?\xebd\xd9x\xdd\x1f\xc8\xf4\x11+\
si\xc2\xf9\xc7w\xc9\xad\x17|Xv\xdfpgt\
\xaf_\xfa\x04\xff\xbe\xc7\xfe\x0fs\xe8\x1fU\x00\xa0\x8a\
\xa8\x00\x00\x19\x1d\xf1\xe2g\xc9\xe9W\xff\xbe\xd4f\xa6\
si;5\xc3\x7f\xf3\xeb?$\x07\x1f|\xa4\xb77\
\x9f)\xf8'\x94\xfe\x87\xa6o\x83!\x01\xa0\x0a\x1a\xe9\
\xbe\x1c\x98P\x04\x13\xce\x01`\xc7\xdf\xae\xee\xaaY\xb2\
\xf6\xb2\xf3\xe5\xf8\x8b^\x9e\xdb\xde\xed\xfc\xf7\x1be\xcb\
[>\xe6\x1c\xeb\xdf\xb3\xa6\xbf\x1e\xd8#\x83\xbe~\xbb\
\xff\x9f\x98\xd3\x01\xd89\xf6\xf9'\xf9}@\xf2\x01d\
\x17\xfd7K\x05\x00H\xa1\xbed\x91\x9cq\xcd;d\
\xd5\xb9O\xcd\xad\xbd\x1e\xba\xfe\x1f\xe4\xee\x0f~V[\
\xd67f\x15\xbf\xf0Z\xff\x91e\xff\xa4\xa0lg\x0e\
\xfcV%\x12:\x00IH\x00\x80$\xb6\xed\x9c\xc1o\
\xc3\xf5\xef\x93e\xeb\xd7\xe6\xd2V*\xe0\xdf\xfdG\x9f\
\x97\x87\xae\xfb\xa6~k\xe8\xc7\xb8Y\xfd}\x82\xbf=\
\xfc\xd8\xbf\xf7\xf0\xf0\x99\x8d\xc3\x9b\xd1\xef\x97\x9c\xc3r\
\xd2\xfc\xc5\xc1\xb7@R\x00\xe8H\x00\x80\x04+\x9e\xb2\
N\xd6\xab\xc9~\xabV\xe4\xd2N\xad\xbd\x07\xe4\xb6\xb7\
|Tv~\xe7\x86\xde\xe0\xecD\xda\x98q\xfd\xa8\x12\
\xff\x08\x82\x7f\xe8\xd9\x01\xe1$`\x90\xa9\x81\xa3\x1a<\
H7C\x81y\x0c\x80\x8e\x04\x00\x88\x09g\x8b\xd7\xae\
\x91M_\xfdc\xe7\xc4>y8\xf8\xe0\xa3\xb2\xf9\xb5\
\x97\xcb\xbe\xad\xf7\x07\xef\xd0\x03y;pc\xf0\xfe@\
\xf4\x0d\x85\xd2\xc8q\xff\x94\xb7\xa5\x90j\x91\xc11\xc8\
\xfaz\xf1I\x0a\xc9\x00P\xa3\x09\x80h\x07\xee\xd9.\
\xf7\xfc\xf1\xff\xca\xa5yv\xdfx\xa7\xdc\xf0\xc2K\xbb\
\xc1\xdf\x1b\xd7w\x02\xb9\xb6\x9a\x9fw\x9b\xfe\xfb \xc1\
\xdf\xe0\x89\xbb~\xd3\xc5\xdc\x17\xff\x0c\xc0,T\x00\x80\
\x84\xae\xe3\x03\x9f\xf9\x9aX3Sr\xe2{~w\xe0\
vz\xe4\xeb\xdf\x93;.\xf9\xa4\xb4\xe7\xe6{_\xc3\
\xff\xd9\x8e\xe8\xb6F\x94\xf0c\x0f\xf5\x0bm\xb8\xe7y\
b\xac\xf4}}\xd6;\x80Y\x1a\x1c\x05\x88\xea\x1bn\
\xe9\xbb\xfb?\xf1\x7f\xa465%'\x5c\xfa\xaa\xcc\xcf\
\xbd\xef\x13_\x96{>\xf2\xc5\x98\xf1\xf8\xb8\xc3\xf6B\
\xa7\xf6\xd5o\x8bxz\xe4s\xfb14!\xe8\x9f\x0c\
04\x80\x0a\x8a\xf9{\xa7\x02\x00x\x7f V\xfcm\
\xf7~\xe4\x8bbM7\xe4\xf8\x8b\x7f;U{\xb5\xe7\
\x17d\xeb;>%\x0f\x7f\xf5\xdf\xd2\xfd1&\x1d\xca\
\x97\xaa\xe4\x9fx\xc7@\x0f\xab:\xfdh\x87\xe8\xbe?\
\x15\x01T\x1b\x09\x00*.\xcb<\xf5\xe4/\xfc{\xfe\
\xf8z\xa7\x12p\xec\x85/I\xdc\xca\xc2\xce\xddr\xeb\
\xeb>$\xbb~\xb8%\xc5K\xda\xd9\xeeK\x1a\xef\xb7\
\x0b\x18\xf8\xf3:\xf2n\x84\xfb\x9e\xbci\x92\x00T\x17\
\x09\x00\x0c`\x0f>\x18\x10\xfa\xfe\xff\xe9\x07?'\xd6\
TC\x8e\xb9\xe0\x85\x91\x0f\xdf\x7f\xd7\x03\xb2\xf9\xd5\x97\
\xcb\x81\xfbv\x0c\x11\xd4\xd3\x06\xfe\x09\x07\xffq\x1eV\
o\x8d\xfe\xfd\xe9\xff\xd4\xc1\x7fv\x92\x00T\x13\x09\x00\
\x0c\x91\x22\xf4\xfb\xc7\xe1'G\x9b\xbb\xff\xe0Z\xa9M\
7\xe4\xa8\xdf\xfd\xf5\xc0\xedO|\xf7&\xb9\xed\x82\x0f\
Ks\xd7\xbe\xfe\xbb\x139\x0c`g\x5ce'e\xf0\
\x1fK\xb0\x9f\xd4\x22;v\xfc\xcb\x0f\xd0.\xe1E\x90\
\xd2\xdc\x03\x94\x15\x09\x00\xd0ODNp\xe7\xbb\xaeq\
*\x01k^\xf5\xab\xce\xef\xdb\xae\xff\xb6\xdc\xf5?>\
#v\xb3\xd5y@\xd4|\x82\xd8\xed\xc7\xf4\xf8\x87\x19\
\xeb\x1f6)H\x8cs9\x04A+\xaf\xfd\x8e\x8b\xfc\
VwQ\xa5\x01\xb6\xeb\xfd\x93\xd3\xf7G\x95\x91\x00\xc0\
8\x89\xb5\x80\xb8*@\xf8&\xdb\x96;\xdf\xfe\xa7b\
\xd5k\xb2o\xcb\xbd\xce\xe1\x82=\x8f\x1fx\xec?\xe5\
\x1dz\x94\xca\x8b5`\xc0\xcf\xabc\x9c\xcb\xd2\x82\xde\
F\xb4\x10\x1e^a1\xe5\xa6\x99\x18\x88*#\x01\x80\
\x012F\xc9\xa4$\xc0\xdb\x9c\xfa\xb5m\xcb\x1d\xbf\x7f\
u\xccKZ\xd9\xce\xc4\xd7\xf7!1\x01,\xaf\xe0o\
e\x8c\xc4E\xa9\x84\xf7\xad\xb4\xe8\xc9@\xc4R\xcb}\
\x90\x04\xa0\xcaH\x00`d\x22\xd07%H\x9a\x0f\x90\
f88\x97\xa0?\x86q\xfe\xb4\x81\xdf\x1aS%a\
\xe0\xc9\x90\x11/\x11\xfb\xd8l\x15\x81\xe8\xe1\x00\x06\x07\
P~$\x000\xc4\x00\xb5\xf2~\x93\x02\x07Y3&\
\xf5.\x8ca\x82_\x9a\xe0\xdf\xef}Y\x03\x06\xf8T\
s\x00\xfa\xedO\x9f1\xfe\xc8\x89\x94\xa1\xe1\x81\x94\x1f\
\x0b*\x01\xa8\x22\x12\x00\x18&C\x15 \xc3\x91\x01\xf9\
\x04\xeaI\xcd\xea\xcf\x18\xf8\xad\x9c\xab\x05Y\x9e\x1b\x97\
 xK'\xf7<&\xe9\x88\x0amX`\xe0$\x00\
(/\x12\x00\x18D/\xe4fL\x02\xbc\xdeb\xee!\
`\xf0\x99\xeac\x0d\xfeqA?msd\xaa\x14$\
\xb4I\xe2\xe1~^@\xd7n\xb4S&\x02)\x93\x00\
\xa0JH\x00`\x98!\xa6\xcd\x07\x12\x01o[\x03o\
\xa8\x00+\xf3\xa5\x0c\xe6Q\x89O\x96$!\xb3p\xcf\
>,\x14\xac#\xc7\xfd\x13z\xf7\xd6\xe0I@o\x15\
\x80\xba\x00\xca\xab\x91\xe6;\x88\xc4\x18\xd5\x12\xbf\xcaN\
\x96yy\xc1d \xa5I\xfe1e\x0d\xfe\xe1\xc0\x1f\
\xf9\x98\x84\x06\xc8\xb3X\x12.\xfd\xf7\x04\xfd\xd0\x82@\
v\x9f\x09\x7f\x03&\x01y\x1fu\x09\x8cC\xdcg\x96\
\x0a\x00\x0c\x15}\x10}\xe6/\xf8RF\x83\x1c\x82\x7f\
\xda\xaa@R\x16\x90j\xc6\xbe\xf7\xd8\x885\x10z\xf6\
E\x0b\xde\x81D \xa6\x1a\x10\xf7\x8f\x9d\xe9C\xd0{\
|\x00P\x16\x8dt\x9f\xf4R~\xcb\x01)?\xd7\xbd\
I@\xef\xad\x93\x91j\xb2|\xe6\xad\xf5y\xb6\xdf\xab\
\x8f\xa8p\x04z\xfc}\x86C\xf4\xb1\xf8\xb4\xbb\x96\xa4\
'\xe8'\xf5\xec\xb5\x8a@\xe0\xfe\xb4c\xfd\xd1\x0f\x8a\
\x0f\xf5E\xf8\xb4\x00q\xa2?\x9fT\x00\x80\x98.\xdf\
\xb8\x13\x81,}\xc8\xcc\xfb\x968\xbe\x1f\xf3{b\xf0\
O9D\x10\xf7\xd8T\x12\xc6\xfa\x9d\xbb\xb5\x9e\xbd\xfb\
\xf0\xc0kyk1\x04\xfeyC\xff\xd6CW\x01\xe8\
\xfd\xa3\xbcH\x00\x80>!uT\x89\xc00S\x08G\
Wp\xd6g\xd2k\xb7E&\x06\x19\x87\x08\x06\xd9\x97\
@\xc1\xc1\x8e\x09\xd2\xee\x0f=\xbd}\x95\x04H\xef}\
\xce\xed\xfd\x92\x80\xf8\x0c\x80\x90\x8f\xaa \x01\x00R~\
\xf1\xf7t@3\xb4\x5c\x9e\x01;\x1c\x8b\xed\x01\xf7\xe0\
9\x8f~3\xc7\xbd*\xb7\xef\x9d\xf6JY\xd8\xb9;\
x#3\xfePq$\x00\xc0\x80}\xfe\xe1\x83:\x11\
\x06\xc0\xe4\x90\x00\x00\xb1\xc65\x0b \xeb\x0c\xb8\xdeg\
'\xee!\x13\xd4\x07\xfc'H\x9b\xa01(\x80r\x22\
\x01\x00\xfaJ\x5c~.\x83\xa4\xd5s\xf4\xc3\x12\xa3\xae\
\xa9\x16\x00\xc8\x17\x09\x000\x10kD\xdb\x8b\xba&\x09\
\x00\x90\xbf\xda\x08\xb6\x09 W\x81)\xec\xb4-\x80\x5c\
\x90\x00\x00\xa5@\x12\x00 _$\x00@\xa9\xb0\xe2\x1c\
\x80|\x90\x00\x00\xa5\x11_\xfeO\x1c\x18 g\x00\x10\
\x81I\x80(\xa4\xa5?\xbczU\x9a1\xef\xb8{\xdb\
\xfb\x0eX\xf6\xfe\x83V\xbfM\xd8\x07\xe6#\xef\xb5\x0f\
vo\xb7\x0f\xce\x85\x96\xa4\xeb}q{N=\xbe\xff\
\xf8\xbc53\xdd\x09\xc7V\xe8u\xbc\xa7\xce/\xf4,\
\xafg;\xb7Yb/\xb8\xf7-4;\xbf7\x9b\x96\
\xcc7;\xab\xde6\xdb\x22s\xf35\xbb\xd5\xb2\xa4\xdd\
\xb6\xa4\xd5\xb6d\xa1U\xeb\xdc\xa7\xae\xd5\xe3[5\xb1\
\xed\xce}\xea1\x22\x9b\xfb\xee\xb0!\xda/y\xd23\
\xdb{\xf7=!\xf5\xba\xad\x9a\xcaj4\xdav\xa3\xde\
\xb6j5[\xea\x968\xd7\xea\xd2\xa8\xdbV\xbdf[\
\x8b\xa6\xdbV\xa3n\xcb\xd4\x94\xf3|\xab\xd1\xb0e\xa6\
n\xd7\x96/m;\x0b\x0f\xceLu\x17\x1f^<c\
\x1f\xfc\xad+\x1f\x9e\xe4\xfb\x03\xa2\x90\x00\xa0\xd4\xe2\x8e\
\xc0\xae-]l\xb7\xbd\xc7$$\x02\xd6b7 \x87\
\x92\x01kQ\xf7\xf6\xb4\xfc\xe0\xee'\x04\x81{{w\
<\xe2u\xfc_\x9c\xa0o\xf7\xae\x8b\x1f~\x0f\xd3\x0d\
\x95\x10Dw\xf3\xeb5\xdb\x09\xf4*p\xb5\xdb\x96\x0a\
bN\x82PS\x1b\xa9Q\x17\x08\xab\xa9@o\xd9b\
\xe9\xa7\x1eT\xed\xae\xfdSD\xb4\x9a5\xd5\xb0\xa9\xb2\
\xa0\x8cH\x00PH\xfb\x9er\xc9c\x93\xde\x87\xe2\x0b\
F\xa3\xb8\x88\xde]\x96\xdf\x0a\xe6\x0f\x7f6\xba=+\
\x9b\xda\xdf\xfc\xf8{\xb5\xd0R\xc0\x96v2\xa2P*\
\x16\xca\xc382\x03\xe5D\x02\x00\x94\x92\xbePP\x86\
\x87k\xbes\xf8\x0b\x92\xcf\xf8gM\xfad@!\xe1\
\x93\x019\xb7\x85~\x08?D?5p \x8a\x87\x1e\
\x18\xd5\x8c\xd4HPq$\x00@E\xf4O\x07\xd2,\
Y\xab=\xc6\xff\xd1\x1b~\xd0nw^0\xea\xb1\xda\
f\xc2\xa7\xdd\x1d\xf6t\xc0Q\xbb\x9a\x18\xfc\x83\x95\xfc\
\xc8\xdb\xa3\x9e\x17\x7f\xa3\x83\xfe>\xaa\x82\x04\x00(\xa5\
\x01\x96\x06\x8e\x8a\xffQ\x81[\x0f\xec\x81\xc7\xaa\xd9m\
V\xc4c\xdd\xfd\x09\xefNRB0\x88\x9e\xa7\xa7\xe8\
\xf5\xf7\xdc\x9f&\xf8g\xd9U\xd2\x01\x94\x17\x09\x00P\
\xa1D ]\x15\xc0{d\x8a$ \xfcp\xa7\xf7\xac\
\x0d\x09\xe8\xbd\xf0\xf0\xd0@\xbf \xda\x93 \xa4\x11\x13\
\xf4\xd3\x06\xffT\xafC\xef\x1ff \x01\x00Jk\x80\
\xdeg\xdc(@\xbfJ@\xe0~-\x90\x86+\x02\xfa\
\x0f\xb1g\xd8\x0b?>jg\xfa\xdf\x14\xbc\xaf_\xcf\
>\x22\xf8\xc7\x95\xfe\x19\xfb\x87!H\x00\x00\x93&\x03\
\xeaO\xe9w\xbb\x17X\xc3c\xff=\x15\x01\xef\xb6\xe8\
C\x1dS\xdc\x98]\xdc\x90B\xe4d\xbe\x0c\x09\x05\xc1\
\x1f\x06!\x01\x00J\xad7\x92\xa7J\x07\xc2\xe3\xf9\x89\
\xf3\x04\xbc\xf2~D\xef=\x900D\xbd\xaa5\xdcP\
y\xb8\xaa\x90\xf8\x98\x88;\xb2\xcc\xee\x8f\xdc\xff~-\
\x0d\x94W#]\xcaKZ\x0c\x14\x9f=\xc2$@\xbb\
\xa3\xdf\xd8\xbd\x95a\xcc\xbew2A\x9f}N\xfb\x98\
\xac\xc3\x08\xc9\x95\x14B=\xca-\xfasM\x05\x000\
YR\x12\xa0XI\xbd\xea\x98\xd5\x8f\xd3\x04i}>\
A\xd6\xe7FI:\xca\xa0\xdf6\xfd\x9e\x7f\xda\x1dO\
s8%P|$\x00\x80\xb1G\x04\xf4I\x02\x9c\xfb\
B\x9b\x0f\xdfi\x0fX\xf2\x1f*\xd0\xa7\xdc@\xaaj\
A\xff\x07\x05\xdf\x0a\xc1\x1f\xd5A\x02\x00T\xca\x10I\
\x80\xf3\x84\xa43'\x85^&\xe9A\x99\x8f\xa3\xcfs\
r`\x9a\xc7\xa5{ \xe3\xfe\xa82\x12\x00\xa0\xe22\
\x85\xd84\x89@\xd4\xc6\x06\xae\x88\xe7\xbd8P\xbf\xc7\
\xa7\x7f\x02E~T\x1d\x09\x00`H\xc8\xcft\xb0`\
\xdaD\xc0\x7f|\xfa\xbd\xf3w&\x8f\xed\x8c5\xf0\x93\
\x12\xa0ZH\x00\x00\x83d^@8\xe98\xffa\x8c\
\xe3\xc0\xa2\x0cA\xdfC\xf0\x87IH\x00\x00\x03+\x01\
\xbd\xb7\x0e\x12Pc\x8e\x02\x98\x84\xa4\xa3\x00R \xf0\
\xc3D$\x00\x80\xa1\xfd\xfe\x01N'\x94q\xd9\xdc\x1c\
\x13\x84!\x03|\x12+\xb6U\x8a\x92\xdd\x00\xa3A\x02\
\x00\x18\x9e\x04\x8c.\xb4\x16{]\xfd\xe45\x14\x09\xfe\
\xa8>\x12\x00\xc0\x18\xf1\xe1~\xa0\x13\xf3\x95PtX\
\xf7\x02?\xc7\xf8\xc3,$\x00@\x8c\xa5?\xfc\xe4\xaa\
4\x8d\x93\xb6\xaf\xd8\xdew S\xb7\xd2>p0\xf2\
\xf1\xed\x03s\x96\x1c\x9c\x0f\xd4\xd7\xed\x83s\xc1\xdf\xe7\
\xd4\xfd\xee\x19}\xf7\x1e\xa8\xe9;k\xcf7\x9d\xc7\xda\
\xf3\x0b\x967\xb1\xcf\x9eov\xe7\xf85[\x96\xddl\
u\x1e\xdbl\x05\xf7\xa1\xe5\xfdn\x85~\x8f\xd8\xffv\
\xbb{_\xab\xfb\xb3U\xaf\xf5_\xa58\xf4\xbbUK\
xN\xbd\xae\xddg\x8b53m{\x1bh\x7f\xf4\xef\
\xee\xed\xdf\xe8\x04~\x98\x89\x04\x00\x18RR4\x1b\xa6\
\x90l-^d\xc7%\x01\xb2h\xda\xd6\x93\x00k\xd1\
\x8c\xad'\x02*\x08:I\x80Z\xe4o\xe9\xe2\xb6\x9f\
\x08\xa8\xdf\xa7\x1a\xb6\xbd\xd0\xb4\xac\xe9\x86s\x96\x1f{\
a\xc1\xb2\xa6\xeb\xce\xde\xaaD@\x1au\xdbj\xd4\xdd\
`\xdd\xea\xbcG/!\x08\xef\x87\x0a\xe6*I\xe8\xd9\
KK,=0OI\xdf\x84\xa1\xbb\xcd\xba\x1d\xff \
;!\xf8\xab\xfd\xad\x8b\xd5po\xf3\xcea\x94\x88R\
?\xccE\x02\x00\xc4\xd8\xf7\x94\x8b\x1f3\xafq\xfc\xd8\
9\xc0\xb3\xc6+\xee4\x04Y\x17\xf7\x05LE\x02\x00\
`\xe8\xd9\x00\xc5\x0f\xa9\xc5\xdfC`\xdcH\x00\x00\xc4\
\x18\xf4T\x7f\x93F\xb0\x07\xd2P\x83\x80}\x95\xe1O\
\x1e@Q\x82\xeb(\xbf1\x08\xee@Vq\x7f\x91T\
\x00\x00\xe4\x8c \x0d\x94A\xf7\xf0 \x00\x00`\x0c\x12\
\x00\x00\x00\x0c\xd4H5\x5c\xc7$\x00\x00\x00\xca)&\
\x86S\x01\x00\x00\xc0@\x8dt\xdd{J\x00\x00\x00\x94\
St\x0c\xa7\x02\x00\x00\x80\x81H\x00\x00\x000\x10\x09\
\x00\x00\x00\x06\x22\x01\x00\x00\xc0@$\x00\x00\x00\x18\x88\
\x04\x00\x00\x00\x03\x91\x00\x00\x00` \x12\x00\x00\x00\x0c\
\xc4\xd9\x00\x91\xc9!\xb7\xff\xf9a4\xd9\xf0\xda{\xf7\
g<e^\xf2\xc3\xd3l\xac\xbd\xef\xc0\xe4N\xd37\
\xe8+\x8fi\x0d\xb2\xda\xd2\xc5v\xbe\xbb\xd2\xfb\xe8\xda\
\xb2%#}7\xbb\xcf\xb8\xe0\xf1Qn\x1f\xd5\xd3\xd8\
\xb5\xf3!k\xc5\xa1G\xb3\xd4\x1f0F^0H\x9f\
\x08\xa8\x87\xc7?4\xea\x0f\xd8J\x11\xe4\xc6\x96\x14\x14\
\xf8\x1b&M\xf0\xaf\xcc\x9b\x05\x5c*\xf6;\x7f\xfcI\
\x09\xc0!\xb7\xff\xf9i\xeaz\xf7\x19\x17l\x8d{\x0c\
\x00\x00(\x8e~\xb1[%\x00\xcc\x01\x00\x00\xc0@$\
\x00\x00\x00\x18\x88\x04\x00\x00\x00\x03\x91\x00\x00\x00` \
\x0e\x03\x04\x0ah\xe5\xca\x95\xf2\x96K\xde\xdes{s\
aA>\xfe'W\xc9\xfc\xdc\x5c\xdfm\xfc\xf2\xaf<\
O\x9e\xf9\xecg\xc7\xde\xdfn\xb5\xe4\xe0\xc1\x83\xce\xe5\
\xf1\xc7\x1e\x95\x87\x1e|P~v\xf7\xdd\xb2\xed\xa1\x87\
\x86\xde\xb6m\xdb2??/{\xf7\xec\x91\x87wl\
\x97;\xef\xb8Cn\xbf\xed6i\xb5Z}\xb7\x0d`\
<H\x00\x80\x02\xda\xb0\xe9\xac\xc8\xdb\x1bSSr\xfa\
\x19g\xc8-7\xdd4\xf4k\xd4\xeauY\xb2t\xa9\
s9\xf4\xb0\xc3\xe4\x94\xd3Nw\x02\xbbJ\x00\xfe\xfd\
_\xffE~z\xd7]\x03o\xdb\xb2,\x99\x99\x99q\
.\x87\xadZ%\xeb6l\x94g?\xf7W\xe4o\xbe\
\xfc\xd7\xb2}\xdb\xb6\xa1\xf7\x1d@NC\x00\xeap\x80\
\xb8\x07x\x87\x10x\x87\x14\x00\x18\xbd\x8d\x9b\xce\x8c\xbd\
o\xfd\x99\x9bF\xfa\xdaG\x1d}\xb4\xbc\xf2\xd5\xaf\x91\
_\xfb\xf5_W\x91<\xb7\xed\xae<\xf4P9\xffu\
\xaf\x97\xd9\x95+s\xdb&\x80\xc1\x0e\x01T\xd7\xcc\x01\
\x00\x0a\xe6\xa8c\x8e\x91C\x0f[\x15(\xa7\xeb\xd6\x9e\
x\xa2,]\xbat\xa0m\xabm\xd9\xed\xb6s\xe9\xe7\
)O{\xba<\xf7y\xcfK\xbd\xed\xfb\xef\xbdWn\
\xba\xe1'r\xeb-7\xcb}\xf7\xdc\xe3\x0c1\x84\xa9\
\x8a\xc03\x9e\xf5\xac\xcc\xfb\x0d \x7f\x0c\x01\x00\x05\xb3\
1\xd4\xc3\xbfk\xeb\x1dr\xea\xe9g\xf8\xbf\xd7j5\
Y\xb7a\x83\xfc\xe8\x07?\xc8\xbc\xedo|\xedo\xe5\
\xe6\x1bot~\x9e\x9a\x9a\x92CV\xcc\xca\xda\x13\xd7\
\xca\x93\x9f\xfa4\xa7T\x1f\xf6\xf4_z\x963/\xe0\
\xde{\xee\xe9\xbb\xed\x9bo\xbc\xc1\xdf\xb6\xb2l\xf9r\
9\xefw_+\x87\x1fqD\xe0q\xc7\x1d\x7fB\xe6\
\xfd\x06\x90?*\x00@\x81X*\xb8o\xdc\x18\xb8\xed\
\xfe\xfb\xees&\xe9\xe9\xd6o\x8c\x1f\x22Hkaa\
\xc1\xd9\xee\x8f\x7f\xf8C\xb9\xf6\xd3\x9f\x92\x1f\xfd\xd7\x7f\
F>\xee\x97\x9e\xf3\xdc\x81\xb6\xaf&\x00~\xef\xdf\xff\
\xad\xe7\xf6\xe9\xe9\xe9\x81\xb6\x07 _$\x00@\x81\x9c\
x\xd2\xc9=\xe5\xfd\xbb\xef\xbcS\xee\xdazg\xe0\xb6\
c\x8e=Vfggs{\xddv\xbb-\xff\xf8\xad\
o\xc9m\x9b7\xf7\xdcw\xfc\x09'\x0c\xfcZss\
\xf3=\xb7=\xf6h0\x99\x010\xe1\x04\xa03)@\
\x8d5\xf6^v\x9f\xf1\x06m\x22`\xf4c\xb8\xd0\x06\
|\x06\x86\xff\x0c\x84'\xff=\xfa\xc8#\xf2\xd8\xa3\x8f\
\xc8\xed[n\x0d\xfe\xe5Z\x96\xac?\xf3\xcc\x14\xdb\x8c\
\x12\xff\xf8\x7f\xfe\xf6\xb7\xa4\xd5l\xf6<\xe3\xb8\x13N\
\x18h\xdb\xa7\x9e\xd6;w\xf8'?RC\x17\xfc\xbd\
\xd0\x06|\x06d\x04m\xd0\x9d\x00\xa8\xe2v\xef\xfd\xfa\
\xa4\x7f*\x00@ALMO\xcbi\xdaX\xbfr\xfb\
m\x9d\xc0\xaf\x8e\xd1\xdf\xbd{w\xe0\xbe\x0dN\x02\x90\
\xaf={\xf6\xc8\xbd\xf7\xf6\x8e\xf7\xaf9\xea\xa8L\xc3\
\x18j\xc6\xff\xaf\xfc\xda\xf3\xe5\x9c'=)p\xdf\x0f\
\xbe\xff}\xb9c\xcb\x96\x5c\xf6\x15\xc0p\x98\x04\x08\x14\
\xc4\xe9g\xacs\x92\x80\xa8\x04@l[\xb6n\xb9\xcd\
\x99\xac\xe79\xfc\x88#\xe5\x88#\x8f\x94G\x1e~8\
\xd7\xfd\xd8\xfe\xd0Cr\xd2\xc9\xa7\x04n[\xbcdI\
\xdf\xe7\xbd\xf0%/u.Qv\xef\xda%\xdf\xfd\xce\
\xbf:G\x09\x00(\x06*\x00@Al\x0c-\xfe\xa3\
&\xe8\xa9!\x00\x8fZI/,\x8f\xc9\x80a\xfb\xf6\
\xed\xeb\xb9m\xf1\xe2\xc5\x03ooa~^\xb6\xdc\xba\
Y\x1ey$\xdfD\x05@\x8e\x09\xc0\xae\x9d\xdb\x12\x16\
\x04\xf2\xe6\x01|\x96\x05\x81\x80\x9c-]\xb6\xcc9\xbe\
_\xb7\xe5\xd6\xe0\xb8\xff\x03\xf7\xdf'{\xf7\xee\x0d\xdc\
\xd6\x99\x07\x90\xafF\xa3\xb708?\xbf0\xf0\xf6T\
U\xe3\xa9\xcfx\xa6\xbc\xfe\x8do\x96\x97\xbd\xe2U2\
=33\xe4\x1e\x02\x88\xe2\xc5g/^\x87\x85c<\
\x15\x00\xa0\x00TO^\x8d\x9d\xeb\xc2=~\xb5\x88\xcf\
\xd6\xd0\xf8\xf9\xec\xecJ9\xe6\xb8\xe3r\xdd\x97\xe5\xcb\
\x0f\xe9\xb9m\x7fDU \xec\xc1\x07\xeew\x16\x01R\
\x17\xb5v\xc1\xce\x9d\x8f\xf7<\xe6\xf4u\xeb\xe4w\xce\
;\xdfY*\x18\xc0d1\x07\x00(`\xf9_y\xe3\
[\xde\x9a\xea\xb9\x1b6n\x92\x07\xef\xbf?\xb7}9\
6\x22\xa1x\xfc\xf1\xc7\xfa>\xef\xc6\x1f\xff\xd8Y\x0c\
Hw\xc6\xfa\x0d\xf2\x92\x97\xbd\xdc9\xef\x80\xe7\xf8\x13\
\xd6:\x09\x8fJ\x14\x00L\x0e\x15\x00`\xc2\xd4\x0a|\
Yf\xd9\x87\x9d\xb1a\x83\xb3:`\x1e\x8e\x5c\xbdZ\
\xd6\x1c}t\xcf\xed\xf7\xfc\xf4\xee\x81\xb6\xa7&1\xfe\
\xe4G?\xea\xb9\xfd\xd4\xd3O\x1fh{\x00\xf2\xd3\xf3\
\xad\xc1<\x00`\xf2\xbd\xff,\xd4\xc2AkO:i\
\xe8\xfdPC\x10\xcf\x7f\xc1o\xf4\xdc\xfe\xf8c\x8f\x05\
&#f\xf5\xd8c\xbd\xcf]\xb6l\xf9\xc0\xdb\x030\
\xfc\xf8\xbf\xc2\x10\x000a\x1bBk\xff\xab\x13\xf5\xdc\
\x7f\xff}\xb1\x8f_\xb4h\xb1\xd3S\xd7\xa9\x92\xfa0\
\xa7\xefU\x13\xff^\xf4\xd2\xdf\x8a\x5c\xa7_\x1d\xbe7\
\x8c#W\xaf\xe9\xb9\xed\xc0\x81\xfdCm\x13\xc0\xf0\x22\
\x13\x80\xb85\xbe\xb2>\x06@\xb2c\x8f;\xbe\xe7\xf4\
\xb8\x0f>\xf0\x80\x5c\xff\xf9\xcf%\xf6\xf8\xdf\xfe\xae\xcb\
\x02\xa7\xeaUk\x08|s\xea\xeb\xd2\x5cH\x9e\xad\xaf\
\xaf\xe1W\xaf\xd7\x9d\xd7>\xe9\x94S\xe4\xa9O\x7f\x86\
\xacX\xd1\xbb\xdc\xef\xbd\xf7\xfcLn\xbbus\xea\xef\
\x84\xf0\xe3\xd6o\xd8(g\x9f\xf3\x0b=\x8fU\xef\x91\
\xef\x10 \x7f\xf6\xb0\x09\xc0\xee\x9d\xdb\xacC\x0e=*\
r;\xbb\xcex\xc3\xd6\x15\xb7\x7f\xf64uQ?\x0f\
\xbc\x97\x00d\xe3\xa6`\xef_\xb9\xeb\xce\xad}\x8f\xd3\
\xdf\xb6m\x9b\x1c\xa5\x8d\xd5\xabC\xebN=\xf54\xd9\
\xe2-\x1c\x14\xe37~\xf3\xc5\xf2\x82\x17\xbe\xc8\xf9\xb9\
\x1eq\xb8\x9f\xee\x89'v\xcaW\xfe\xfa\xafzNG\
\x1c\xe7\xac\xb3\xcf\x91c\x8f?\xde\xf9y\xd1\xcc\x229\
\xfc\xc8#d\xd5\xaa\xc3{\x1e7??/\x9bo\xbe\
)\xd56\x01\xf4\xa7\xe2\xb1\xba\x8e\x8b\xc9*\xa6G\xdd\
\xce\x10\x000!jf\xfc\xba\xf5\x1bznW'\xff\
\xe9G%\x09z\x02\xe0\x0d%\xf4K\x00\x9c\xc9\x82)\
&\x0c>p\xdf}\xf2\x95\xbf\xfe\x92\x1c\xd8\x9f\xbeT\
\xaf\xce\x17\xd09g@\x02\xdb\x96\x7f\xf8\xfb\xaf;K\
\x0e\x03\x98,\x12\x00`BN9\xe5\xd4\x9e%v\xd5\
z\xff\x0f?\xbc#U\x02\xf0\xec\xd0izO>\xe5\
\x14Y\xb4h\x91\x1c<xp\xe0}\xda\xb7w\xaf\xfc\
\xe7\xff\xfb\x9e\xfc\xe0?\xbf\xef\x9c!0O\xfb\xf7\xef\
\x97o}\xfd\xef\xe4\xf6-\xbd+\x1a\x02(P\x02\xc0\
0\x000Z\x1b\x22\xca\xffw\xf7)\xff{\xb6o\xdb\
\xe6\xac\x0a\xb8l\xd92\xff6U\xd2?c\xddz\xb9\
1\xe5z\xfb\xadV\xcb\xe9\xe1\xef\xdd\xb7W\xb6=\xf0\
\xa0\xdcs\xcf\xcf\xe4\xce\xadw\xf4\x9dG\x90\x96\xda\xce\
\xbe\xfd\xfb\xe4\xe1\x1d;\xe4\xee\xbb\xee\x94\xcd7\xdf,\
\xf3ss\xb9l\x1b\xc0p\xe5\x7f%q9\xae\xb8y\
\x00i^\x14\x00\x00\x147\x01\x18x\xf5\x10\xef\xc5\xbc\
\x17\x07\x00\x00\xe33lG<1\x01H\xca\x1c\x00\x00\
@q\xf5\x8b\xe1,\x05\x0c\x00\x80\x81j\xc3d\x10\x0c\
\x03\x00\x00P\xae\xb1\x7f\x0f\x15\x00\x00\x00\x0c4t\x02\
@\x15\x00\x00\x80\xf1\xc9\xeb(\xbcT\x0b\x01u\xd6\x04\
X\x93b=PV\xf7\x06\x00`<\xa2c\xee\xee\x9d\
\xdbSM\xe0\xcfe\x08`\xd7\x19\xbf\xe7\x1e\x12\xf89\
\x0e\x09\x04\x00`D\xbc8\xeb\xc5\xdda\xa4N\x00\xd2\
f\x14\x00\x00`2\xb2\xc4\xea\xdc&\x01R\x05\x00\x00\
\xa0\x1c\xbd\xff\xcc\x09\x00U\x00\x00\x00\x8a)k\x8c\xce\
\xf50@\xaa\x00\x00\x00\x14\xbf\xf7?P\x02@\x15\x00\
\x00\x80b\x19$6\xe7\xbe\x10\x10U\x00\x00\x00\x8a\xdd\
\xfb\x1f8\x01H\x9bipX \x00\x00\x83K\x13G\
\x07\xad\xcc\x8fd)\xe0\xbc\xb3\x14\x00\x00L\xb6k\x04\
qu\xa8c\xfb\x0fY\x99\xbc:\xe0\x8a;\xdc\xb2\xc5\
\xe9$\x04\x00\x00d\x91&\x86\xee~b\xf05z\x86\
\xaa\x00\x0c\xf3\xc2\x00\x00`r1x\xa4g\x03\xf4\xb2\
\x16/\x8b\x01\x00\x00\xfd\x8d\xa3\x82^\x1bW\x06B\x12\
\x00\x00@>\xf12\x8f\x0a\xfcH+\x00\x0a\xe3\xff\x00\
\x00\x14/~\xe6\x92\x00\xf4\xcbD\x18\x0a\x00\x00`\xf2\
\x13\xffFR\x01 \x09\x00\x00\xa0\x1c\xc1\x7f,C\x00\
Q\x98\x0f\x00\x00\xc0d\xe3b\xae\x09@\xda*\x00\x00\
\x00\xe85\xae\xde\xffH*\x00\x0c\x05\x00\x00P\xdc\xd2\
\xffH\x87\x00H\x02\x00\x00(n\xf0\x9f\xd8\x1c\x00\x1d\
\xf3\x01\x00\x00&Z1\xe1E\xf2\x1a\xa3\xda\xb0\xcaX\
\x0eY\xb9:\xf6\x5c\x01\xbbN\x7f\xfd\xd6\x15w|\xde\
}\xf3\x89\xa7\x14\x00\x00\xa0\xb2v\x9d\xfe\xfa\x84\xde\xff\
\x8e\x91-\xb9?\xd2\x0a@\xbf\x1d\xf7\xdet7\x11\x00\
\x00\xa0\xfaV\xb8qoR\xc1\x7f,C\x00$\x01\x00\
\x00\x14+\xf8\x17b\x0e\x80B%\x00\x00`\x82\x15)\
\x82\xff\xb8\x8c%\x01H\x93\xc9\x90\x04\x00\x00\xaalE\
\xca\xe0?\x8e\xde\xbf2\x96\x17\xf1,O\x98\x14\xe8\x99\
u\x1b\xe8\xe7\x05\xc8\x8e\x00\x00\xc8C\xda\xd8\xb6gL\
\xc1\x7f\xecC\x00i\xde\x98\xd78^c\x01\x00Pf\
\xb3\x05\x0c\xfe\x13\x99\x03@\x12\x00\x000\xc5lA\x83\
\xff\xc4&\x01\x92\x04\x00\x00\xaan\xb6\xc0\xc1\x7f\xa2G\
\x01\x90\x04\x00\x00\xaaj\xb6\xe0\xc1\x7f\xe2\x87\x01\x92\x04\
\x00\x00\xaaf\xb6\x04\xc1\xbf\x10\xeb\x00\x90\x04\x00\x00\xaa\
b\xb6$\xc1\xbf\x10\x09\x80B\x12\x00\x00(\xbb\xd9\x12\
\x05\x7f\xa5\x10;1\xc8:\x01\x0ak\x05\x00\x00&m\
6C\x5c*J\xf0/L\x05`\x90J\x80\xc2Z\x01\
\x00\x80I\x9a-i\xf0/\x5c\x02\xa0\x90\x04\x00\x00\xca\
`\xb6\xc4\xc1_)\xdc\x0ee\x19\x0eP\x18\x12\x00\x00\
\x8c\xd3l\xc6\xa1\xe8\x22\x06\xffBV\x00\xb26\x18C\
\x02\x00\x80q\x99\xadH\xf0/t\x02\xa0\x90\x04\x00\x00\
\x8ab\xb6B\xc1_)\xf4\xcee\x1d\x0eP\x18\x12\x00\
\x00\xe4iv\x80\xa3\xcf\x8a\x1e\xfc\x95\xc2\xef\xa0\x8ey\
\x01\x00\x80q\x9a\xadX\xaf_W\x9a\x1d\x1d&\x09P\
X3\x00\x00\x90\xd6\xec\x001\xa4L\xc1_)\xd5\xce\
z\x96\xaf<2\xc3\x90\xc0u\xa1\x7f\xc4\xd7\xa5*\xdf\
\x00\x00\xcc3;`\xcc\xd8\xf3\xc4\xc3\xa5\x8b\xa7\xa5\xdb\
\xe1<\x12\x01\x92\x00\x00@\x1eq\xa2\x8c\x81\xdfS\xda\
\x1d\xf7P\x0d\x00\x00\x0cc\xd6\xa0^\xbf\xae\xd4;?\
H\x12\xa00,\x00\x00\x98\x1db\x88\xb8\xec\xc1_)\
\xfd\x1b\xd0\x91\x08\x00\x00\xfa1=\xf0{*\xf3F\x06\
M\x02\x14*\x02\x00P}\xc3~\xd7\xef\xa9P\xf0W\
*\xf5ft$\x02\x00\x00\x85\xc0oX\x02\x90g\x22\
\xa0p\xe4\x00\x00\x94G\x1e\xdf\xe3{*\xd6\xe3\x0f\xab\
\xf4\x9b\x1b&\x09PH\x04\x00\xa0\x5c\xf2\xfa\xde\xdeS\
\xf1\xe0\xafT\xfe\x0d\xe6\x91\x08($\x03\x00PLy\
~?\xef1 \xf0{\x8cy\xa3\xa3L\x04\x14\x86\x08\
\x00`|\xf2\xfe.\xdecP\xe0\xf7\x18\xf7\x86\xf3J\
\x04\x92>\x80\x0a\x09\x01\x00\xe4gT\xdf\xb7{\x0c\x0c\
\xfc\x1ec\xdfx\x9e\x89@\xbf\x0f\xa7BB\x00\x00\xc5\
\xf9N\xddcp\xe0\xf7\x18\xdf\x00y'\x02i?\xbc\
\x0aI\x01\x00\x8c\xf7\xfb\x92\xc0\xdfE\x020\x86d \
\xed\x07\x5cGr\x00\xa0J&\xf9\x1dH\xd0\x8fF\x02\
0\xe6D`\x98?\x08\x00\xa8\xa2Qux\x08\xfc\xc9\
H\x00\x0a\x92\x0c\x84\x91\x1c\x00\xa8\x92qU5\x09\xfa\
\xe9\x91\x00\x94 \x19\x00\x00\xc4#\xe8\x0f\x86\x04 \x07\
$\x03\x000^\x04\xfd\xe1\x91\x00\x8c\x00\x09\x01\x00\xe4\
\x8b\x80\x9f?\x12\x801 !\x00\x80l\x08\xf8\xa3G\
\x020!$\x05\x00\xd0A\xb0\x9f\x0c\x12\x80\x82\x22A\
\x00P\x15\x04x)\xa4\xff\x0f\xd1\x94E\x87\xb6\x8d\xee\
\x87\x00\x00\x00\x00IEND\xaeB`\x82\
"

qt_resource_name = b"\
\x00\x0a\
\x05\xab@'\
\x00q\
\x00r\x00c\x00o\x00d\x00e\x00.\x00j\x00p\x00g\
\x00\x0d\
\x00\x08\xc6G\
\x00S\
\x00u\x00p\x00e\x00r\x00_\x00A\x00D\x00B\x00.\x00p\x00n\x00g\
"

qt_resource_struct = b"\
\x00\x00\x00\x00\x00\x02\x00\x00\x00\x02\x00\x00\x00\x01\
\x00\x00\x00\x00\x00\x00\x00\x00\
\x00\x00\x00\x1a\x00\x00\x00\x00\x00\x01\x00\x00\xa02\
\x00\x00\x01\x9f\xe2\xb0=\x98\
\x00\x00\x00\x00\x00\x00\x00\x00\x00\x01\x00\x00\x00\x00\
\x00\x00\x01\x9f\xdb\x11\xc8\xc5\
"

def qInitResources():
    QtCore.qRegisterResourceData(0x03, qt_resource_struct, qt_resource_name, qt_resource_data)

def qCleanupResources():
    QtCore.qUnregisterResourceData(0x03, qt_resource_struct, qt_resource_name, qt_resource_data)

qInitResources()
